date,Open,High,Low,Close,Volume
2018-01-02,74.85,75.24,74.03,75.17,13578835.0
2018-01-03,75.08,75.71,74.7,75.28,11901037.0
2018-01-04,76.14,77.81,75.98,76.82,12953656.0
2018-01-05,77.04,77.33,75.56,76.12,14154974.0
2018-01-08,75.93,76.46,75.48,76.28,12466512.0
2018-01-09,76.5,77.41,76.27,76.83,13292310.0
2018-01-10,77.25,78.48,77.17,78.03,15834468.0
2018-01-11,78.45,78.71,77.83,78.62,13676788.0
2018-01-12,79.43,80.63,78.62,80.45,18884229.0
2018-01-16,79.29,81.21,78.85,80.05,22703336.0
2018-01-17,79.67,81.08,79.09,80.77,14940266.0
2018-01-18,80.54,81.5,80.05,81.04,14572911.0
2018-01-19,81.72,82.12,80.58,80.79,18785468.0
2018-01-22,80.44,82.17,80.28,82.11,12475654.0
2018-01-23,81.45,82.42,81.13,81.99,12320751.0
2018-01-24,82.64,83.78,82.44,83.45,15904504.0
2018-01-25,83.82,83.95,82.86,83.48,13509957.0
2018-01-26,83.48,84.1,82.74,84.1,13882600.0
2018-01-29,83.8,85.13,83.8,83.98,11679919.0
2018-01-30,83.31,84.38,82.76,82.89,14279124.0
2018-01-31,83.43,84.44,82.94,83.45,13141423.0
2018-02-01,83.55,84.77,83.26,84.65,13800613.0
2018-02-02,84.27,84.7,81.87,82.06,16477307.0
2018-02-05,80.78,82.37,71.76,76.58,30097591.0
2018-02-06,74.63,80.26,74.39,79.89,33114833.0
2018-02-07,79.33,82.23,78.93,80.65,21878324.0
2018-02-08,80.89,80.89,75.62,75.66,27425837.0
2018-02-09,76.88,78.83,74.01,77.82,28188027.0
2018-02-12,78.95,80.5,77.85,79.52,18043325.0
2018-02-13,79.1,80.83,78.58,80.21,16358181.0
2018-02-14,80.41,83.05,80.31,82.81,15186858.0
2018-02-15,83.52,83.77,82.0,83.29,12130197.0
2018-02-16,82.33,83.85,82.28,82.46,13214253.0
2018-02-20,82.43,83.17,81.75,82.49,13461495.0
2018-02-21,82.78,85.23,82.45,82.97,14212461.0
2018-02-22,83.28,84.21,82.54,82.76,17070356.0
2018-02-23,83.09,85.17,83.09,85.09,12162523.0
2018-02-26,85.92,86.68,85.1,86.55,16511229.0
2018-02-27,86.69,87.11,85.13,85.14,17563345.0
2018-02-28,85.6,86.27,83.12,83.28,17735637.0
2018-03-01,83.26,84.42,80.43,81.21,18690017.0
2018-03-02,80.17,81.34,78.9,81.1,18353697.0
2018-03-05,79.83,83.71,79.67,82.84,13933039.0
2018-03-06,83.42,83.6,82.1,82.94,10674360.0
2018-03-07,81.53,82.88,80.89,82.51,13006514.0
2018-03-08,82.89,83.01,80.99,82.52,11173721.0
2018-03-09,84.33,85.86,83.45,85.82,15366583.0
2018-03-12,85.78,86.53,85.03,85.44,12339295.0
2018-03-13,85.98,86.25,83.61,84.03,13312340.0
2018-03-14,84.34,84.37,82.38,82.73,12905124.0
2018-03-15,83.65,83.78,82.61,83.02,8747977.0
2018-03-16,83.12,84.38,83.12,83.22,19888948.0
2018-03-19,82.88,83.23,81.08,82.31,13214919.0
2018-03-20,82.65,83.22,82.22,82.42,9921175.0
2018-03-21,82.59,84.41,81.99,82.52,13632983.0
2018-03-22,80.98,81.38,77.32,77.73,22550426.0
2018-03-23,78.05,78.7,74.54,74.79,23081509.0
2018-03-26,76.97,78.94,76.43,78.09,20217469.0
2018-03-27,78.85,79.47,75.08,75.95,18039921.0
2018-03-28,76.06,76.95,74.43,75.78,19189269.0
2018-03-29,76.28,78.56,75.56,77.75,13274639.0
2018-04-02,77.74,78.51,73.86,75.63,18821575.0
2018-04-03,76.14,77.28,75.04,77.11,14050737.0
2018-04-04,74.88,78.99,74.8,78.77,15302608.0
2018-04-05,79.97,81.17,79.73,80.22,16627035.0
2018-04-06,78.89,79.89,76.16,77.43,18906018.0
2018-04-09,78.35,81.32,78.23,78.74,15974349.0
2018-04-10,80.47,81.21,79.76,80.85,14003640.0
2018-04-11,80.0,80.15,78.86,78.96,14503294.0
2018-04-12,79.9,82.73,79.84,81.71,16435523.0
2018-04-13,83.36,83.49,77.39,78.64,39152760.0
2018-04-16,79.28,79.81,78.13,78.55,16580538.0
2018-04-17,79.71,80.26,78.33,78.55,15501350.0
2018-04-18,78.87,79.41,77.23,77.66,16081436.0
2018-04-19,77.87,80.21,77.84,80.06,17910955.0
2018-04-20,80.64,81.08,79.22,79.81,15584384.0
2018-04-23,79.91,80.29,78.97,79.27,11285831.0
2018-04-24,80.09,81.24,77.93,78.75,16453112.0
2018-04-25,78.61,78.87,76.94,78.33,13548246.0
2018-04-26,78.31,79.16,77.68,78.44,10299488.0
2018-04-27,77.89,78.5,77.47,77.74,9383967.0
2018-04-30,78.09,78.64,77.09,77.12,13744860.0
2018-05-01,76.79,77.31,75.88,77.12,10503353.0
2018-05-02,76.45,77.83,76.07,76.26,12162086.0
2018-05-03,75.93,76.11,73.52,75.58,15379091.0
2018-05-04,74.77,77.08,74.32,76.77,11967906.0
2018-05-07,77.1,78.02,76.7,77.71,9356721.0
2018-05-08,77.87,79.68,77.62,79.33,12543228.0
2018-05-09,79.78,81.98,79.37,81.75,11368094.0
2018-05-10,81.53,82.78,81.09,82.63,9159709.0
2018-05-11,82.83,83.07,82.01,82.2,10253045.0
2018-05-14,82.45,83.04,82.08,82.24,8710654.0
2018-05-15,82.25,82.25,80.91,81.37,11536212.0
2018-05-16,81.23,82.03,80.97,81.68,7571089.0
2018-05-17,81.54,81.75,80.54,81.3,8617204.0
2018-05-18,81.09,81.14,79.18,79.47,11806349.0
2018-05-21,80.39,80.88,80.26,80.49,9441931.0
2018-05-22,80.69,82.63,80.63,81.35,11507550.0
2018-05-23,80.85,81.11,79.46,80.83,11453916.0
2018-05-24,80.48,80.49,78.45,79.57,14084769.0
2018-05-25,78.8,79.42,78.53,79.0,8283548.0
2018-05-29,77.52,77.54,73.3,74.27,30643840.0
2018-05-30,75.98,76.94,74.99,76.69,17490845.0
2018-05-31,76.29,76.53,74.76,75.35,19808203.0
2018-06-01,76.68,77.28,76.14,76.74,13594185.0
2018-06-04,77.33,77.6,76.61,76.79,9415437.0
2018-06-05,76.58,76.65,75.41,76.18,10415231.0
2018-06-06,77.0,79.08,76.82,78.7,15453563.0
2018-06-07,79.52,79.84,78.37,79.14,13444427.0
2018-06-08,78.96,79.48,78.4,79.45,10383168.0
2018-06-11,79.46,80.25,79.11,79.17,12642897.0
2018-06-12,79.48,79.87,77.86,78.53,15294082.0
2018-06-13,78.8,79.78,77.92,78.31,14979749.0
2018-06-14,78.62,78.7,76.12,76.37,20487343.0
2018-06-15,76.14,76.72,74.61,76.24,26028572.0
2018-06-18,75.6,76.74,75.03,76.52,9786825.0
2018-06-19,75.24,76.22,74.94,75.89,12707154.0
2018-06-20,76.52,76.98,75.78,75.88,8876903.0
2018-06-21,75.44,76.55,74.87,75.85,11048735.0
2018-06-22,76.5,76.71,73.85,74.09,19938788.0
2018-06-25,74.0,74.04,72.3,73.13,16907607.0
2018-06-26,73.05,73.55,71.45,73.2,17086772.0
2018-06-27,73.02,74.26,71.57,71.58,16276833.0
2018-06-28,72.02,73.8,71.85,73.27,14491252.0
2018-06-29,75.02,75.24,72.49,72.54,18972393.0
2018-07-02,72.06,73.43,71.72,73.42,11130044.0
2018-07-03,73.75,74.12,71.86,71.95,8311680.0
2018-07-05,73.03,73.28,72.43,72.62,10723412.0
2018-07-06,72.02,73.4,71.1,72.96,12173700.0
2018-07-09,73.61,76.36,73.61,76.18,13900793.0
2018-07-10,76.92,77.3,75.43,75.52,14575873.0
2018-07-11,75.21,75.96,75.11,75.29,10186482.0
2018-07-12,76.32,76.46,74.87,75.75,12456754.0
2018-07-13,76.2,76.7,74.04,75.26,21303844.0
2018-07-16,75.95,79.67,75.88,79.48,24662621.0
2018-07-17,79.59,79.83,78.65,79.4,14821876.0
2018-07-18,79.32,81.02,79.1,80.43,14244944.0
2018-07-19,79.96,79.99,78.63,78.79,16775305.0
2018-07-20,78.9,80.64,78.68,80.18,13582631.0
2018-07-23,79.96,83.14,79.83,82.25,18140010.0
2018-07-24,82.45,83.68,82.32,83.05,14000419.0
2018-07-25,82.78,84.42,82.28,84.08,13331966.0
2018-07-26,84.32,84.48,83.48,83.75,11897769.0
2018-07-27,84.08,85.2,83.71,84.93,12805930.0
2018-07-30,85.18,86.51,84.96,85.63,13411618.0
2018-07-31,85.98,85.98,83.72,83.85,15843763.0
2018-08-01,84.65,85.59,84.18,84.56,13531590.0
2018-08-02,83.47,85.15,83.23,85.05,11058108.0
2018-08-03,84.9,86.03,84.84,85.99,11016102.0
2018-08-06,85.69,86.43,85.08,86.02,9857351.0
2018-08-07,86.64,87.19,86.23,86.45,10562067.0
2018-08-08,86.23,87.17,86.18,86.69,8997220.0
2018-08-09,86.41,86.62,85.59,85.78,9694541.0
2018-08-10,84.4,84.85,83.58,84.63,12630949.0
2018-08-13,84.46,84.78,82.72,82.79,10340337.0
2018-08-14,83.17,83.94,82.55,83.55,10597611.0
2018-08-15,82.72,83.23,81.87,82.6,10152082.0
2018-08-16,83.25,84.21,83.2,83.67,10118820.0
2018-08-17,83.54,83.97,83.2,83.67,8505111.0
2018-08-20,83.49,83.95,83.01,83.52,8618739.0
2018-08-21,84.27,85.29,83.78,84.22,10976680.0
2018-08-22,84.21,84.31,83.68,83.87,8314901.0
2018-08-23,83.86,84.05,83.33,83.63,9265593.0
2018-08-24,83.88,84.12,83.35,83.58,8845718.0
2018-08-27,84.12,86.18,84.07,85.61,13768021.0
2018-08-28,85.9,85.93,84.87,85.04,8302618.0
2018-08-29,85.25,85.27,84.26,84.66,7221744.0
2018-08-30,84.49,84.94,83.88,84.09,8991802.0
2018-08-31,83.73,83.74,82.72,83.48,13065719.0
2018-09-04,83.24,84.14,82.53,84.05,10174177.0
2018-09-05,83.9,84.6,83.15,83.49,11462446.0
2018-09-06,83.4,83.6,82.4,83.0,9877635.0
2018-09-07,83.4,83.67,82.53,83.22,10955590.0
2018-09-10,83.75,83.87,82.56,82.61,8276936.0
2018-09-11,82.44,83.48,82.08,83.33,9333781.0
2018-09-12,83.15,83.78,81.75,81.98,10800758.0
2018-09-13,82.27,83.03,81.57,82.42,12470769.0
2018-09-14,82.71,83.39,82.13,82.4,10337948.0
2018-09-17,82.69,83.33,82.2,82.74,9561297.0
2018-09-18,83.23,83.56,82.46,83.2,7944210.0
2018-09-19,83.34,86.96,83.34,86.52,16052776.0
2018-09-20,87.4,88.14,86.98,87.53,15589976.0
2018-09-21,88.03,88.13,86.64,86.75,24788247.0
2018-09-24,86.66,87.36,85.33,85.62,12492474.0
2018-09-25,85.94,86.87,85.22,85.29,9308310.0
2018-09-26,85.65,85.77,83.56,83.92,14023640.0
2018-09-27,84.32,84.66,83.06,83.42,13282987.0
2018-09-28,82.55,83.14,81.42,81.74,15815120.0
2018-10-01,82.27,83.51,81.94,82.4,10147110.0
2018-10-02,82.26,83.02,81.71,82.87,13753074.0
2018-10-03,83.84,84.56,83.38,83.94,17141962.0
2018-10-04,84.25,86.51,83.91,84.97,16357406.0
2018-10-05,85.53,85.8,83.72,84.32,13777633.0
2018-10-08,83.95,85.48,83.05,85.02,14370869.0
2018-10-09,84.37,84.73,83.37,84.22,14069477.0
2018-10-10,84.4,84.65,81.17,81.17,23086389.0
2018-10-11,80.67,81.17,77.08,77.83,33705616.0
2018-10-12,80.07,80.53,75.3,76.65,32075740.0
2018-10-15,76.9,78.55,76.02,76.04,18903216.0
2018-10-16,76.86,78.48,76.43,78.32,19302764.0
2018-10-17,78.08,80.5,77.93,79.53,18794482.0
2018-10-18,78.72,79.54,77.51,77.79,17582467.0
2018-10-19,77.35,78.92,76.97,77.61,15234549.0
2018-10-22,77.85,78.04,75.81,76.06,16199139.0
2018-10-23,73.9,75.86,73.4,74.95,21407548.0
2018-10-24,74.46,74.73,72.61,72.99,23168916.0
2018-10-25,73.88,75.6,73.42,74.56,17464708.0
2018-10-26,73.7,74.26,72.43,73.12,19174916.0
2018-10-29,74.16,76.33,73.4,74.55,18445175.0
2018-10-30,75.41,76.68,74.56,76.4,18019681.0
2018-10-31,77.78,80.18,77.49,78.72,20859992.0
2018-11-01,79.32,79.92,78.02,78.68,13065023.0
2018-11-02,79.6,80.51,77.19,78.08,19009518.0
2018-11-05,78.31,78.99,78.12,78.79,10276448.0
2018-11-06,78.37,79.37,77.46,79.3,10824959.0
2018-11-07,80.07,81.43,79.05,81.18,12679585.0
2018-11-08,80.71,82.63,80.7,82.08,11662499.0
2018-11-09,81.93,82.06,80.53,80.99,10432161.0
2018-11-12,81.12,81.64,78.3,78.65,13279671.0
2018-11-13,78.8,80.82,78.8,79.29,13746059.0
2018-11-14,79.93,80.41,75.68,77.03,18361433.0
2018-11-15,77.94,79.78,76.51,79.77,19099954.0
2018-11-16,79.15,80.46,78.25,79.69,13798551.0
2018-11-19,79.66,80.9,79.23,80.53,13986991.0
2018-11-20,79.48,80.19,77.68,78.15,18936153.0
2018-11-21,78.73,79.31,77.34,77.34,10619625.0
2018-11-23,76.44,77.09,75.76,76.35,6488406.0
2018-11-26,77.42,79.68,77.15,78.96,13948285.0
2018-11-27,78.46,79.73,78.33,79.42,9238176.0
2018-11-28,79.5,81.1,78.57,80.64,13977257.0
2018-11-29,79.97,80.5,79.34,79.76,11144347.0
2018-11-30,79.55,81.02,79.28,80.89,18652718.0
2018-12-03,82.08,82.59,81.44,81.94,16033180.0
2018-12-04,81.3,81.3,76.43,76.93,23555940.0
2018-12-06,74.71,75.06,72.58,74.89,27213946.0
2018-12-07,74.86,76.68,72.61,72.99,19248595.0
2018-12-10,72.57,73.19,68.98,71.06,23636429.0
2018-12-11,72.83,73.36,69.91,70.07,16860677.0
2018-12-12,71.36,72.6,69.76,70.72,22621487.0
2018-12-13,71.25,71.67,70.37,70.82,17250942.0
2018-12-14,69.69,71.64,69.56,69.99,19879525.0
2018-12-17,69.47,70.26,68.14,68.71,25113534.0
2018-12-18,69.12,70.59,67.82,68.24,20837150.0
2018-12-19,68.11,70.28,66.3,66.99,28767868.0
2018-12-20,66.31,67.98,65.39,66.15,31825218.0
2018-12-21,66.38,68.13,63.39,63.87,41313933.0
2018-12-24,62.59,63.92,61.84,61.84,17009280.0
2018-12-26,62.39,65.66,60.81,65.66,22542900.0
2018-12-27,64.52,66.85,63.25,66.74,20304683.0
2018-12-28,67.65,68.02,66.14,66.53,17963271.0
2018-12-31,67.29,68.51,66.47,67.32,13237180.0
2019-01-02,65.65,69.48,65.64,69.01,15670850.0
2019-01-03,69.14,69.39,67.19,67.61,16286426.0
2019-01-04,69.61,71.43,68.78,71.19,16935205.0
2019-01-07,70.93,71.97,70.21,71.26,15430712.0
2019-01-08,72.13,72.32,70.05,71.07,13578777.0
2019-01-09,71.31,71.99,70.43,70.9,14230331.0
2019-01-10,70.52,71.23,69.77,70.89,14376430.0
2019-01-11,70.39,70.67,69.45,70.41,15439850.0
2019-01-14,69.37,71.86,69.16,71.44,21258458.0
2019-01-15,69.39,72.97,69.1,72.18,26504852.0
2019-01-16,72.75,73.95,72.3,73.0,18532952.0
2019-01-17,72.61,74.0,72.42,73.42,14247564.0
2019-01-18,74.27,75.4,73.33,75.09,16428710.0
2019-01-22,73.58,74.09,72.63,73.44,17083681.0
2019-01-23,73.94,74.2,72.47,73.18,12146678.0
2019-01-24,72.63,73.59,72.44,73.24,11296764.0
2019-01-25,74.01,74.81,73.24,73.89,14412559.0
2019-01-28,73.39,74.74,73.09,74.38,12283089.0
2019-01-29,74.38,75.61,74.23,74.67,9743271.0
2019-01-30,74.64,75.74,74.28,74.91,12526274.0
2019-01-31,73.91,74.3,73.23,74.0,17520551.0
2019-02-01,74.5,75.35,74.02,74.38,13000780.0
2019-02-04,74.29,74.75,73.51,74.75,9871549.0
2019-02-05,75.02,75.05,73.79,74.29,12762982.0
2019-02-06,74.21,75.12,73.97,74.24,8744957.0
2019-02-07,73.75,74.0,71.94,72.88,13177489.0
2019-02-08,72.58,72.83,70.56,71.86,12892562.0
2019-02-11,72.26,72.51,71.27,71.38,10978516.0
2019-02-12,72.45,73.42,72.39,73.1,12852252.0
2019-02-13,73.4,74.35,73.4,73.59,10754061.0
2019-02-14,72.97,73.6,71.85,72.92,11518530.0
2019-02-15,74.4,76.2,74.16,76.05,14716861.0
2019-02-19,75.41,75.87,74.31,75.68,12764888.0
2019-02-20,75.71,76.3,75.38,76.19,10030326.0
2019-02-21,75.95,76.49,75.46,75.97,8400075.0
2019-02-22,76.2,76.59,75.28,75.5,10647258.0
2019-02-25,76.25,77.77,76.19,76.6,11230679.0
2019-02-26,75.0,75.97,74.44,75.79,15465393.0
2019-02-27,75.68,75.88,75.01,75.66,9968822.0
2019-02-28,75.51,75.71,74.68,74.86,15156850.0
2019-03-01,75.6,76.41,74.7,74.93,13813310.0
2019-03-04,75.42,76.42,73.77,74.69,12466285.0
2019-03-05,74.63,75.05,73.76,74.61,10856646.0
2019-03-06,74.36,75.07,74.05,74.22,9070782.0
2019-03-07,73.75,73.97,72.66,73.47,12705739.0
2019-03-08,72.49,73.73,72.49,73.51,10582371.0
2019-03-11,74.48,75.05,74.16,74.85,9763235.0
2019-03-12,75.09,75.29,74.25,74.54,10219100.0
2019-03-13,74.69,75.48,74.45,74.89,13022241.0
2019-03-14,75.0,76.37,74.96,75.84,10926470.0
2019-03-15,75.91,77.3,75.73,77.05,24811730.0
2019-03-18,77.05,78.29,77.0,77.69,12935514.0
2019-03-19,78.7,78.9,77.05,77.3,12889267.0
2019-03-20,76.93,77.15,74.91,75.02,14920658.0
2019-03-21,73.99,73.99,72.78,73.37,19751044.0
2019-03-22,72.32,72.82,70.02,70.26,31115189.0
2019-03-25,70.09,71.07,68.59,69.43,21032295.0
2019-03-26,70.32,70.9,69.32,70.42,15987129.0
2019-03-27,70.38,70.95,69.58,70.08,12753234.0
2019-03-28,70.5,71.3,70.24,71.21,12454070.0
2019-03-29,72.04,72.49,71.08,71.73,14523395.0
2019-04-01,72.65,75.18,72.62,75.14,17499280.0
2019-04-02,75.1,75.94,74.83,75.64,10295539.0
2019-04-03,76.31,76.86,75.29,75.85,11499209.0
2019-04-04,75.85,77.03,75.75,76.86,11952078.0
2019-04-05,77.1,77.41,76.29,76.61,9933660.0
2019-04-08,76.41,76.95,76.21,76.95,8056282.0
2019-04-09,76.38,76.5,75.55,76.17,9092188.0
2019-04-10,76.43,77.02,75.77,76.64,10882304.0
2019-04-11,77.01,78.03,76.86,77.53,11183845.0
2019-04-12,80.74,83.15,80.18,82.51,25834073.0
2019-04-15,82.22,82.3,80.42,81.24,15163815.0
2019-04-16,81.2,82.69,81.16,82.4,11583232.0
2019-04-17,83.0,85.96,82.31,85.6,17791890.0
2019-04-18,85.83,86.24,84.63,84.76,12501949.0
2019-04-22,84.13,85.23,83.96,84.9,7975860.0
2019-04-23,84.3,85.67,84.15,85.04,9193318.0
2019-04-24,84.56,85.45,84.11,84.85,9245743.0
2019-04-25,84.31,85.45,83.8,84.91,9311768.0
2019-04-26,85.25,85.88,84.9,85.77,7889519.0
2019-04-29,85.9,88.46,85.74,87.42,14242237.0
2019-04-30,87.73,88.02,86.56,87.35,11389147.0
2019-05-01,87.02,88.3,86.41,86.46,10412881.0
2019-05-02,86.47,87.08,85.88,86.71,8613305.0
2019-05-03,87.3,87.98,86.97,87.42,8185409.0
2019-05-06,85.48,86.77,85.02,86.39,9387010.0
2019-05-07,85.33,85.33,83.59,84.51,15017725.0
2019-05-08,83.96,84.97,83.76,83.91,9576075.0
2019-05-09,82.44,84.04,81.88,83.82,12205866.0
2019-05-10,83.05,84.14,81.84,83.81,13189381.0
2019-05-13,81.38,81.75,80.28,80.75,13783652.0
2019-05-14,80.85,83.02,80.8,81.62,10503672.0
2019-05-15,80.51,82.2,79.91,81.2,10142048.0
2019-05-16,81.92,83.47,81.89,82.61,9672729.0
2019-05-17,81.3,83.05,81.13,82.07,9570477.0
2019-05-20,81.88,83.11,81.67,82.65,8518244.0
2019-05-21,82.74,83.22,82.52,83.03,7967976.0
2019-05-22,82.7,83.09,82.05,82.12,7918898.0
2019-05-23,80.94,81.09,78.8,79.94,14557969.0
2019-05-24,80.82,81.26,80.49,81.01,8537252.0
2019-05-28,80.5,81.13,79.74,79.82,11665579.0
2019-05-29,78.75,79.7,78.36,79.52,9966365.0
2019-05-30,79.95,80.48,77.84,78.36,10367822.0
2019-05-31,76.86,77.89,76.14,77.26,10952857.0
2019-06-03,77.1,78.16,76.6,77.76,11680745.0
2019-06-04,79.15,81.2,78.43,81.04,12858587.0
2019-06-05,81.16,81.68,79.94,81.43,8340484.0
2019-06-06,81.45,82.17,80.23,81.67,8726664.0
2019-06-07,81.0,81.32,80.26,80.46,10618932.0
2019-06-10,82.05,82.51,81.52,81.64,11380602.0
2019-06-11,82.12,82.87,81.67,81.98,9847999.0
2019-06-12,82.0,82.2,80.19,80.57,9670511.0
2019-06-13,80.76,81.46,80.35,80.84,8406903.0
2019-06-14,80.87,81.6,79.93,81.12,9077685.0
2019-06-17,81.0,81.67,80.36,80.52,8128583.0
2019-06-18,80.31,82.71,80.28,82.01,11057340.0
2019-06-19,82.12,82.89,80.99,81.21,13126542.0
2019-06-20,82.18,82.38,80.33,81.49,13638199.0
2019-06-21,81.49,82.97,80.39,80.74,27089546.0
2019-06-24,80.58,81.07,79.84,79.96,13039577.0
2019-06-25,79.98,80.28,78.97,79.06,18660111.0
2019-06-26,79.6,80.61,79.46,79.78,10324609.0
2019-06-27,80.14,80.85,79.74,80.14,10906607.0
2019-06-28,82.34,83.73,82.2,83.1,21634683.0
2019-07-01,84.53,85.82,84.38,84.98,12762478.0
2019-07-02,84.81,85.5,84.52,85.1,10182625.0
2019-07-03,85.44,85.97,84.36,84.92,6849443.0
2019-07-05,85.61,86.37,85.02,85.59,7929536.0
2019-07-08,85.06,85.58,84.6,84.97,6917209.0
2019-07-09,84.38,85.59,84.25,85.45,8947322.0
2019-07-10,85.47,85.93,84.84,85.12,9242253.0
2019-07-11,85.47,86.46,85.22,86.2,11595170.0
2019-07-12,86.23,87.45,86.03,87.4,10783395.0
2019-07-15,87.64,87.67,85.63,86.0,12946597.0
2019-07-16,85.58,87.6,85.02,87.22,16944998.0
2019-07-17,86.53,87.04,85.83,86.09,13120924.0
2019-07-18,86.03,87.17,85.65,86.77,9400654.0
2019-07-19,86.99,87.22,85.5,85.64,10402772.0
2019-07-22,85.01,86.55,84.87,86.37,9061487.0
2019-07-23,86.98,88.55,86.92,88.46,12752167.0
2019-07-24,87.68,88.98,87.62,88.93,10011034.0
2019-07-25,88.99,89.34,87.42,87.81,10138368.0
2019-07-26,87.87,88.61,87.63,88.32,12800364.0
2019-07-29,88.56,89.28,87.89,87.95,8500370.0
2019-07-30,87.29,88.18,86.86,87.69,7121146.0
2019-07-31,88.2,88.28,86.96,88.1,13647968.0
2019-08-01,87.43,88.9,84.7,85.04,15664530.0
2019-08-02,84.5,85.53,83.5,85.03,11025527.0
2019-08-05,82.89,83.08,80.37,81.67,15855328.0
2019-08-06,82.15,82.6,80.44,82.53,10203487.0
2019-08-07,80.1,80.38,78.04,80.13,17320865.0
2019-08-08,81.15,82.18,80.82,81.96,10903331.0
2019-08-09,81.45,82.54,80.39,81.84,9980834.0
2019-08-12,80.54,80.61,79.31,79.78,9156647.0
2019-08-13,80.05,82.43,79.13,81.44,12236560.0
2019-08-14,78.4,79.01,76.55,76.9,19491849.0
2019-08-15,76.92,78.48,76.44,77.3,13365567.0
2019-08-16,78.47,80.08,77.97,79.82,11830550.0
2019-08-19,81.73,81.85,80.52,80.79,8265570.0
2019-08-20,79.95,80.54,79.34,79.41,8376105.0
2019-08-21,80.31,80.53,79.54,79.71,8189648.0
2019-08-22,80.47,81.37,80.03,80.82,9343395.0
2019-08-23,80.1,80.88,77.21,78.12,14764096.0
2019-08-26,78.72,79.09,78.11,78.97,8211955.0
2019-08-27,79.45,79.66,76.94,77.84,14335951.0
2019-08-28,77.18,79.31,77.14,78.9,10593762.0
2019-08-29,80.24,81.99,80.12,81.32,10002439.0
2019-08-30,81.94,82.66,81.57,81.96,10170346.0
2019-09-03,81.08,81.09,79.42,80.66,9869174.0
2019-09-04,81.55,82.32,80.66,81.97,6944055.0
2019-09-05,83.35,85.82,83.3,84.47,13226615.0
2019-09-06,84.76,85.08,84.06,84.71,7836735.0
2019-09-09,85.81,88.16,85.7,87.5,13985144.0
2019-09-10,88.4,89.37,87.83,88.97,14333096.0
2019-09-11,88.99,89.3,87.48,89.29,9919217.0
2019-09-12,88.65,90.57,88.02,90.01,12283450.0
2019-09-13,91.1,92.5,90.85,92.33,16257246.0
2019-09-16,91.0,91.97,90.48,91.26,11993932.0
2019-09-17,90.52,90.71,89.34,90.67,10819727.0
2019-09-18,90.42,92.18,89.85,91.86,10716320.0
2019-09-19,91.8,92.44,91.19,91.48,9460470.0
2019-09-20,91.84,92.44,90.97,91.0,22076823.0
2019-09-23,89.88,91.22,89.78,90.98,9184038.0
2019-09-24,90.85,91.36,89.14,89.43,11851899.0
2019-09-25,89.37,90.46,89.22,90.1,10269021.0
2019-09-26,89.98,90.15,89.05,89.13,9920613.0
2019-09-27,90.06,90.74,89.38,89.82,10207958.0
2019-09-30,90.46,90.87,89.32,89.79,9800755.0
2019-10-01,90.5,91.1,87.51,87.65,11328624.0
2019-10-02,86.91,87.0,85.03,85.35,12630337.0
2019-10-03,85.27,85.91,83.52,85.19,13102112.0
2019-10-04,85.34,87.94,85.27,87.62,9622741.0
2019-10-07,87.19,88.5,87.07,87.37,6816951.0
2019-10-08,86.06,86.06,84.66,84.82,11588324.0
2019-10-09,85.67,86.16,85.07,85.63,7339861.0
2019-10-10,86.14,88.4,86.0,87.21,11388900.0
2019-10-11,89.03,90.99,88.86,89.14,15193768.0
2019-10-14,88.85,89.87,88.66,89.45,8878537.0
2019-10-15,91.85,94.59,90.87,92.96,30522338.0
2019-10-16,92.96,93.62,92.38,92.68,11632039.0
2019-10-17,93.75,94.57,92.88,93.35,11064912.0
2019-10-18,93.0,94.02,92.86,93.56,10418383.0
2019-10-21,95.05,96.77,94.99,96.55,13272678.0
2019-10-22,96.45,98.1,96.12,97.79,12657085.0
2019-10-23,97.2,98.15,97.17,98.12,9397328.0
2019-10-24,98.29,98.66,97.07,98.03,8057164.0
2019-10-25,98.0,99.65,97.75,99.03,9055690.0
2019-10-28,99.57,100.21,99.4,99.51,9522184.0
2019-10-29,99.06,100.42,98.94,99.43,9797283.0
2019-10-30,99.05,99.26,97.92,98.73,8513704.0
2019-10-31,98.49,98.73,96.86,97.92,11589074.0
2019-11-01,99.2,100.99,99.02,100.8,11682642.0
2019-11-04,102.08,102.42,101.56,101.82,9159871.0
2019-11-05,102.39,103.3,101.84,102.1,13747635.0
2019-11-06,101.69,102.84,101.58,102.3,11231123.0
2019-11-07,103.43,104.29,102.92,103.0,13528925.0
2019-11-08,102.88,103.4,102.25,103.38,9294223.0
2019-11-11,102.6,103.1,102.35,102.92,8680490.0
2019-11-12,102.63,103.62,102.01,102.16,9101912.0
2019-11-13,101.13,101.82,100.42,101.48,8098146.0
2019-11-14,100.72,101.84,100.59,101.6,8483725.0
2019-11-15,102.23,102.53,101.4,102.53,10163667.0
2019-11-18,102.56,103.65,101.99,103.62,8752503.0
2019-11-19,103.99,104.25,103.18,103.58,8824852.0
2019-11-20,103.3,103.62,101.94,102.63,11785284.0
2019-11-21,103.0,103.72,102.39,102.93,7705492.0
2019-11-22,103.15,104.22,103.1,103.79,8167918.0
2019-11-25,104.25,105.07,103.87,104.49,10069669.0
2019-11-26,104.82,104.82,103.36,104.67,10493863.0
2019-11-27,105.29,105.43,104.65,105.06,6609027.0
2019-11-29,104.87,105.41,104.45,104.76,5712035.0
2019-12-02,105.31,105.74,104.35,104.47,8622886.0
2019-12-03,102.77,102.96,101.59,102.78,10649454.0
2019-12-04,103.38,105.47,102.99,105.34,10319310.0
2019-12-05,105.68,106.31,105.18,106.06,9587878.0
2019-12-06,107.69,108.78,107.65,108.04,10171252.0
2019-12-09,107.63,108.46,107.41,107.41,8576380.0
2019-12-10,106.25,107.77,105.88,107.5,7533000.0
2019-12-11,107.29,108.02,107.01,107.18,9012476.0
2019-12-12,107.49,111.47,107.21,111.02,13725737.0
2019-12-13,110.95,111.83,109.22,109.81,10594949.0
2019-12-16,111.38,111.84,110.32,110.34,11372787.0
2019-12-17,110.73,111.67,110.23,111.18,11547063.0
2019-12-18,111.15,112.02,110.72,111.04,10382144.0
2019-12-19,110.76,111.22,110.1,110.35,9351045.0
2019-12-20,111.02,111.88,109.9,110.24,29993960.0
2019-12-23,110.6,110.91,109.88,110.2,9738524.0
2019-12-24,110.33,110.63,110.06,110.58,3324291.0
2019-12-26,110.89,112.1,110.78,112.04,6773034.0
2019-12-27,112.3,112.77,111.67,112.14,7868575.0
2019-12-30,112.9,113.08,111.47,111.63,6963342.0
2019-12-31,111.51,112.48,111.29,112.4,7201834.0
2020-01-02,112.79,114.1,112.26,114.09,10811019.0
2020-01-03,111.4,113.13,110.98,112.24,10387518.0
2020-01-06,110.46,112.17,110.4,112.13,10266522.0
2020-01-07,111.18,111.76,109.72,109.78,10576911.0
2020-01-08,109.6,111.48,109.5,110.84,9697731.0
2020-01-09,111.95,112.13,110.94,111.34,9470746.0
2020-01-10,111.11,111.15,109.71,109.97,10192026.0
2020-01-13,110.09,111.1,109.66,111.1,12381809.0
2020-01-14,111.84,114.66,111.59,112.7,24942958.0
2020-01-15,111.75,112.5,110.05,110.62,16293416.0
2020-01-16,111.35,111.8,110.74,111.15,10783752.0
2020-01-17,111.44,112.19,111.22,112.1,14697672.0
2020-01-21,111.09,111.97,110.59,110.74,8474247.0
2020-01-22,111.14,111.3,110.28,110.58,7549111.0
2020-01-23,109.61,110.64,108.62,110.44,9345683.0
2020-01-24,110.27,110.33,106.22,107.05,15166392.0
2020-01-27,104.17,106.84,103.61,105.93,12860456.0
2020-01-28,106.74,108.87,106.38,108.33,13062789.0
2020-01-29,108.71,109.44,107.59,108.13,9326173.0
2020-01-30,106.59,110.03,106.59,109.79,9048887.0
2020-01-31,108.39,108.73,105.37,106.26,12785242.0
2020-02-03,106.56,108.14,106.56,107.27,10021369.0
2020-02-04,109.45,110.5,108.98,109.19,9157126.0
2020-02-05,110.47,111.63,109.91,111.49,10150709.0
2020-02-06,112.14,112.19,111.01,111.51,8992592.0
2020-02-07,110.63,111.57,110.2,111.07,6379784.0
2020-02-10,110.85,111.75,110.65,111.64,5960700.0
2020-02-11,112.16,112.72,111.68,111.9,6578649.0
2020-02-12,112.5,113.19,111.7,111.9,7957984.0
2020-02-13,111.65,112.24,110.3,111.78,7447535.0
2020-02-14,111.74,112.09,110.84,111.36,6627891.0
2020-02-18,111.24,111.61,108.95,109.54,8997247.0
2020-02-19,110.81,112.29,110.24,111.39,7071399.0
2020-02-20,111.07,112.26,110.43,111.39,7422800.0
2020-02-21,110.45,110.82,108.82,109.71,9772770.0
2020-02-24,105.34,107.1,104.7,106.06,13618432.0
2020-02-25,104.9,106.13,99.49,100.16,20797188.0
2020-02-26,100.83,102.85,100.24,100.54,24836163.0
2020-02-27,96.81,99.52,95.2,95.27,23005470.0
2020-02-28,91.42,92.39,86.56,90.01,45942580.0
2020-03-02,90.53,95.48,88.36,95.42,27355446.0
2020-03-03,94.87,96.85,90.14,90.86,32547736.0
2020-03-04,92.23,94.09,88.59,93.75,25795867.0
2020-03-05,89.57,90.33,86.48,87.87,25025628.0
2020-03-06,80.16,84.22,78.92,81.98,38159405.0
2020-03-09,70.47,73.13,66.9,67.34,40352025.0
2020-03-10,72.9,75.18,68.48,74.6,31102652.0
2020-03-11,71.6,73.95,68.45,69.86,38157806.0
2020-03-12,63.49,70.86,60.22,61.95,49725233.0
2020-03-13,69.89,77.89,65.9,77.81,38543328.0
2020-03-16,59.1,67.88,58.45,62.26,38589653.0
2020-03-17,64.79,71.34,61.4,67.66,35239844.0
2020-03-18,61.57,64.69,54.26,57.79,41525568.0
2020-03-19,55.46,62.01,50.81,59.2,32175060.0
2020-03-20,60.2,63.36,56.38,57.4,30150823.0
2020-03-23,56.58,57.65,51.99,52.93,32536580.0
2020-03-24,58.8,64.0,56.8,62.33,34363160.0
2020-03-25,63.14,69.05,58.44,65.63,38111699.0
2020-03-26,67.98,72.47,67.44,72.02,29840426.0
2020-03-27,67.09,68.74,64.45,65.03,30041458.0
2020-03-30,64.55,67.99,63.2,67.4,21656933.0
2020-03-31,65.95,68.07,63.24,63.93,23379303.0
2020-04-01,59.0,60.46,57.15,58.26,28029566.0
2020-04-02,57.41,61.81,56.86,61.41,24017959.0
2020-04-03,60.8,62.28,57.57,58.85,21199448.0
2020-04-06,63.79,65.79,62.5,64.26,26820846.0
2020-04-07,69.25,69.3,65.18,65.44,22563810.0
2020-04-08,66.9,69.66,65.35,69.1,22903255.0
2020-04-09,71.72,79.19,71.69,77.56,42084666.0
2020-04-13,77.91,77.91,72.1,72.99,26911949.0
2020-04-14,75.82,76.8,68.44,70.3,46151255.0
2020-04-15,65.95,66.83,64.93,65.59,30118621.0
2020-04-16,65.03,65.37,61.85,62.13,32449619.0
2020-04-17,66.8,70.5,65.76,69.98,30191898.0
2020-04-20,67.27,69.51,65.26,66.51,23679430.0
2020-04-21,63.42,66.18,63.13,63.85,23035023.0
2020-04-22,65.49,66.67,63.98,64.14,16706026.0
2020-04-23,64.54,66.08,64.06,64.19,16638765.0
2020-04-24,65.44,65.9,63.29,65.51,15815286.0
2020-04-27,66.74,70.43,66.34,69.42,22870210.0
2020-04-28,72.61,73.16,69.83,70.09,20238900.0
2020-04-29,73.88,74.25,72.07,72.66,20462562.0
2020-04-30,70.4,71.64,69.35,70.56,19127632.0
2020-05-01,68.3,68.54,66.63,68.05,18547741.0
2020-05-04,66.82,67.47,65.6,66.94,15725875.0
2020-05-05,68.45,69.01,66.7,66.8,18064140.0
2020-05-06,66.96,67.56,64.73,65.07,20978035.0
2020-05-07,66.14,67.71,65.38,66.01,16771938.0
2020-05-08,67.6,68.88,66.91,67.5,20494915.0
2020-05-11,65.91,65.91,64.13,64.77,31907585.0
2020-05-12,64.95,65.59,61.7,61.83,27962923.0
2020-05-13,61.18,61.66,58.2,58.83,35451600.0
2020-05-14,57.52,62.91,57.2,62.32,35152452.0
2020-05-15,61.65,62.08,60.1,60.7,26099044.0
2020-05-18,63.49,65.95,62.68,65.25,30528734.0
2020-05-19,64.85,66.0,63.39,63.47,19597291.0
2020-05-20,65.51,67.19,65.17,66.13,20552362.0
2020-05-21,65.07,66.56,64.47,64.97,14621406.0
2020-05-22,64.81,65.16,63.52,64.27,13557923.0
2020-05-26,67.69,72.3,67.41,70.62,41233949.0
2020-05-27,76.87,77.38,73.6,76.17,39402040.0
2020-05-28,77.74,77.75,74.2,74.66,24738542.0
2020-05-29,73.46,73.98,71.58,72.11,26538154.0
2020-06-01,72.55,74.31,72.18,73.4,15207495.0
2020-06-02,75.08,75.22,72.73,73.73,21194963.0
2020-06-03,76.38,79.72,75.86,79.07,25941090.0
2020-06-04,78.62,81.41,77.59,81.24,26784723.0
2020-06-05,89.73,90.57,84.33,86.03,42230986.0
2020-06-08,88.21,88.99,86.74,88.25,24881791.0
2020-06-09,85.45,86.43,83.81,85.34,17031144.0
2020-06-10,85.26,85.31,80.65,80.86,24913328.0
2020-06-11,74.83,76.38,71.34,72.01,36259224.0
2020-06-12,75.51,75.93,72.13,74.67,24856764.0
2020-06-15,71.22,76.23,70.67,76.05,22153641.0
2020-06-16,80.17,80.48,74.11,76.86,22193575.0
2020-06-17,77.33,77.34,74.01,74.28,15639830.0
2020-06-18,73.47,75.32,72.93,73.74,16591911.0
2020-06-19,75.33,75.4,71.53,72.61,40371167.0
2020-06-22,72.05,72.75,71.34,71.55,16216903.0
2020-06-23,73.77,74.77,72.65,72.73,15381376.0
2020-06-24,71.55,71.64,69.11,69.46,22919784.0
2020-06-25,69.15,73.01,69.06,72.76,25743638.0
2020-06-26,69.91,70.17,66.8,67.39,41896324.0
2020-06-29,68.2,69.29,66.98,67.8,18499738.0
2020-06-30,67.63,69.46,67.37,68.86,19137010.0
2020-07-01,69.69,70.51,67.83,68.06,18755728.0
2020-07-02,70.44,70.66,67.63,68.36,27845616.0
2020-07-06,70.13,70.9,69.18,70.7,18625272.0
2020-07-07,69.52,69.8,67.7,68.02,25757203.0
2020-07-08,67.99,69.04,67.5,69.0,18762214.0
2020-07-09,69.22,69.82,66.48,66.98,25600763.0
2020-07-10,67.7,72.54,67.57,71.97,28954234.0
2020-07-13,74.43,74.97,71.92,73.35,32079211.0
2020-07-14,74.07,75.65,72.34,73.91,42731666.0
2020-07-15,76.59,76.99,74.35,75.43,22508410.0
2020-07-16,74.48,76.92,74.25,75.71,16886886.0
2020-07-17,75.7,75.78,73.84,73.86,16161547.0
2020-07-20,73.13,74.09,72.96,73.0,14458137.0
2020-07-21,73.41,75.75,73.34,75.11,17812297.0
2020-07-22,75.35,75.83,73.23,74.39,14271150.0
2020-07-23,74.2,75.05,73.67,74.68,12870184.0
2020-07-24,75.3,75.5,73.64,73.98,12744151.0
2020-07-27,73.21,73.33,71.87,72.6,11959055.0
2020-07-28,72.2,73.59,72.2,73.02,11754273.0
2020-07-29,72.77,75.41,72.7,75.38,12743520.0
2020-07-30,73.24,73.44,71.75,72.72,14834785.0
2020-07-31,72.18,72.63,70.95,72.34,14539496.0
2020-08-03,72.72,73.27,71.55,71.8,12972563.0
2020-08-04,71.61,71.65,70.73,71.25,13366154.0
2020-08-05,71.57,74.17,71.42,72.91,15349693.0
2020-08-06,73.28,73.8,72.24,72.94,10482062.0
2020-08-07,72.63,75.19,72.26,75.08,14743678.0
2020-08-10,75.81,77.74,75.73,76.34,14989853.0
2020-08-11,79.56,81.86,79.21,79.52,31518607.0
2020-08-12,81.86,82.13,77.41,78.64,19250157.0
2020-08-13,77.7,79.06,77.34,78.07,13598648.0
2020-08-14,77.2,79.01,77.12,78.11,12134360.0
2020-08-17,77.2,77.7,75.23,75.41,14987988.0
2020-08-18,75.61,75.61,73.82,74.02,13246506.0
2020-08-19,74.62,76.29,74.04,74.25,13533015.0
2020-08-20,72.96,73.73,72.5,73.07,13672577.0
2020-08-21,72.97,74.27,72.64,73.02,12228301.0
2020-08-24,74.15,75.91,73.12,75.76,17898270.0
2020-08-25,76.97,77.68,75.5,76.2,13648931.0
2020-08-26,75.64,75.97,74.75,74.79,12052437.0
2020-08-27,74.7,78.35,74.7,78.05,22163863.0
2020-08-28,78.84,78.95,77.51,78.47,13756725.0
2020-08-31,77.82,77.88,75.72,75.89,14219441.0
2020-09-01,75.25,76.57,74.74,75.84,11602053.0
2020-09-02,75.65,77.64,75.26,77.35,14475673.0
2020-09-03,79.02,80.69,76.34,77.03,23281235.0
2020-09-04,79.75,80.91,77.07,79.22,26325470.0
2020-09-08,78.68,79.27,75.18,75.62,22108612.0
2020-09-09,76.5,77.39,75.26,76.57,13434024.0
2020-09-10,77.1,78.12,75.34,75.53,15922793.0
2020-09-11,75.67,77.06,75.29,76.77,13784342.0
2020-09-14,77.21,79.16,77.07,78.17,19017373.0
2020-09-15,78.43,78.55,74.84,74.98,23682973.0
2020-09-16,75.13,76.83,74.46,75.4,19284239.0
2020-09-17,74.4,75.04,73.41,74.26,18290104.0
2020-09-18,73.59,75.19,73.14,74.05,20121579.0
2020-09-21,70.9,71.75,69.52,71.01,28378768.0
2020-09-22,70.66,71.36,69.37,69.97,19257004.0
2020-09-23,70.48,71.05,68.36,68.44,19952667.0
2020-09-24,68.02,70.0,67.08,68.36,18366522.0
2020-09-25,67.75,69.42,67.57,69.17,13293076.0
2020-09-28,70.76,72.63,70.05,71.86,20894106.0
2020-09-29,71.73,71.73,70.03,71.05,12854673.0
2020-09-30,71.05,72.9,70.96,71.97,16400587.0
2020-10-01,72.82,73.47,71.73,72.67,15778666.0
2020-10-02,70.95,74.29,70.79,73.59,15149570.0
2020-10-05,74.92,75.85,74.13,75.64,13871881.0
2020-10-06,76.67,77.46,74.11,74.62,19220440.0
2020-10-07,75.56,76.95,75.27,76.33,16358533.0
2020-10-08,77.11,78.52,76.5,78.38,15659016.0
2020-10-09,78.6,78.71,76.71,77.8,13689115.0
2020-10-12,77.7,79.6,77.45,79.04,16057978.0
2020-10-13,79.6,79.82,76.86,77.38,21697310.0
2020-10-14,77.63,78.53,76.7,76.82,15214907.0
2020-10-15,75.7,78.38,75.64,78.32,17171199.0
2020-10-16,78.01,78.93,77.32,78.11,13276397.0
2020-10-19,78.2,78.47,76.16,76.4,11725674.0
2020-10-20,76.91,78.37,76.72,76.97,11257070.0
2020-10-21,76.96,77.59,75.93,75.97,10730521.0
2020-10-22,75.92,79.84,75.91,79.48,14837204.0
2020-10-23,80.1,81.05,79.53,80.41,15087611.0
2020-10-26,79.25,79.3,76.85,77.84,12410742.0
2020-10-27,77.11,77.52,75.76,75.93,10391663.0
2020-10-28,74.1,74.9,72.67,73.14,16389464.0
2020-10-29,72.72,74.58,71.84,73.77,14208820.0
2020-10-30,74.51,75.02,72.83,74.64,15200685.0
2020-11-02,75.99,77.48,74.46,76.85,15011597.0
2020-11-03,79.62,81.34,79.29,80.01,17482590.0
2020-11-04,77.6,78.67,75.53,76.85,18886518.0
2020-11-05,77.66,81.7,77.6,80.95,17837373.0
2020-11-06,81.63,81.7,78.99,79.56,12552785.0
2020-11-09,89.76,95.5,86.95,93.5,47792406.0
2020-11-10,93.95,94.05,91.29,93.12,20539339.0
2020-11-11,93.49,93.56,90.56,91.38,14443409.0
2020-11-12,89.13,90.56,88.66,89.97,22066464.0
2020-11-13,91.3,91.46,90.17,90.68,11856870.0
2020-11-16,94.39,95.21,92.33,93.9,19858562.0
2020-11-17,91.99,93.04,91.18,92.71,14553245.0
2020-11-18,93.94,95.21,91.8,91.85,12571217.0
2020-11-19,90.78,92.42,90.16,92.16,10202538.0
2020-11-20,91.03,92.25,90.69,91.17,12720823.0
2020-11-23,92.65,94.77,92.17,94.47,13209211.0
2020-11-24,96.67,100.1,96.31,99.92,20121557.0
2020-11-25,97.97,98.98,97.07,98.63,11715627.0
2020-11-27,98.6,98.95,97.68,97.82,5983627.0
2020-11-30,96.6,97.32,94.37,94.48,14411847.0
2020-12-01,96.94,98.18,96.23,96.34,12678222.0
2020-12-02,96.3,98.91,95.87,98.64,10811255.0
2020-12-03,98.45,98.49,96.96,97.84,12904414.0
2020-12-04,99.08,99.89,98.29,98.94,13583654.0
2020-12-07,97.75,98.77,96.81,98.48,9724307.0
2020-12-08,97.64,98.93,97.36,98.6,9592124.0
2020-12-09,99.77,99.9,97.04,97.65,13073933.0
2020-12-10,96.59,97.38,96.16,96.87,13668420.0
2020-12-11,95.54,96.62,94.97,96.16,9981643.0
2020-12-14,97.93,98.02,94.71,94.9,12112352.0
2020-12-15,95.89,97.5,95.22,96.92,12591419.0
2020-12-16,96.9,97.68,96.46,97.27,11169364.0
2020-12-17,97.86,98.05,96.18,96.27,11618001.0
2020-12-18,95.74,96.48,94.87,95.68,28954764.0
2020-12-21,99.77,101.6,97.69,100.15,28323642.0
2020-12-22,99.99,100.12,98.21,98.27,11808882.0
2020-12-23,99.38,103.12,98.95,101.67,14973226.0
2020-12-24,101.69,102.15,100.17,101.12,4164948.0
2020-12-28,102.42,103.25,101.39,101.94,8072641.0
2020-12-29,102.8,102.88,101.49,101.61,8389199.0
2020-12-30,102.09,102.45,101.5,101.96,7397964.0
2020-12-31,101.69,103.93,101.42,103.67,8580214.0
2021-01-04,104.1,104.46,101.38,102.47,16813567.0
2021-01-05,102.49,103.8,101.27,103.15,13731206.0
2021-01-06,107.38,110.27,105.38,109.05,24909056.0
2021-01-07,113.19,115.69,112.42,113.37,21940387.0
2021-01-08,113.47,113.85,111.62,113.52,12035126.0
2021-01-11,112.08,115.7,111.61,115.55,15949048.0
2021-01-12,116.94,119.16,116.33,117.72,18033462.0
2021-01-13,116.09,118.29,115.6,117.85,14816761.0
2021-01-14,117.99,120.25,117.5,118.67,18565597.0
2021-01-15,114.93,119.15,114.51,116.14,27881016.0
2021-01-19,117.36,118.2,115.32,115.54,19843782.0
2021-01-20,115.32,115.67,112.94,113.47,16028845.0
2021-01-21,113.19,113.66,111.82,112.33,13415022.0
2021-01-22,110.19,111.9,109.7,111.29,12933227.0
2021-01-25,109.64,110.67,107.56,109.62,14212764.0
2021-01-26,110.25,110.67,108.84,109.08,11307819.0
2021-01-27,107.09,107.35,104.85,105.36,17603851.0
2021-01-28,107.4,109.67,106.49,107.61,13761758.0
2021-01-29,108.69,109.22,105.69,106.17,14808109.0
2021-02-01,106.9,107.57,105.97,107.12,11080662.0
2021-02-02,109.44,111.89,108.72,111.11,12253574.0
2021-02-03,111.15,113.26,111.01,112.64,10600777.0
2021-02-04,112.97,116.16,112.97,115.75,12419526.0
2021-02-05,116.89,116.99,114.88,115.48,10051265.0
2021-02-08,115.7,117.8,115.68,117.64,10136384.0
2021-02-09,116.93,117.48,116.04,117.08,8614807.0
2021-02-10,117.5,118.37,116.54,117.16,10323204.0
2021-02-11,117.16,118.05,115.72,116.77,9200955.0
2021-02-12,116.55,119.11,116.5,118.75,8324562.0
2021-02-16,121.05,122.82,119.9,122.15,12130618.0
2021-02-17,121.45,122.88,120.62,122.6,10834189.0
2021-02-18,121.5,123.29,120.9,123.09,10590274.0
2021-02-19,123.36,126.34,123.36,125.52,11969782.0
2021-02-22,124.37,127.69,124.29,126.91,11488415.0
2021-02-23,129.01,129.81,127.09,128.11,16234408.0
2021-02-24,127.61,131.26,127.61,130.76,15061433.0
2021-02-25,131.77,132.4,128.09,128.68,18127707.0
2021-02-26,127.8,128.37,124.01,124.67,19829182.0
2021-03-01,127.02,128.88,125.98,128.0,14845483.0
2021-03-02,127.58,129.28,127.34,127.51,14221724.0
2021-03-03,128.73,132.48,128.32,130.41,14324103.0
2021-03-04,130.11,131.88,126.12,128.06,20093905.0
2021-03-05,130.72,130.99,125.47,128.41,18465108.0
2021-03-08,129.97,132.96,128.25,130.41,17133270.0
2021-03-09,129.0,131.75,127.32,129.33,16238763.0
2021-03-10,129.41,133.66,129.01,132.63,14342237.0
2021-03-11,131.61,133.65,130.86,131.82,11771478.0
2021-03-12,134.36,135.13,132.57,133.65,12849532.0
2021-03-15,133.85,134.42,131.46,132.87,12103264.0
2021-03-16,131.59,132.1,129.69,131.01,12805565.0
2021-03-17,132.84,134.38,130.55,132.59,13952375.0
2021-03-18,135.1,139.19,134.61,135.15,21898467.0
2021-03-19,133.01,133.44,128.69,132.64,54418832.0
2021-03-22,130.3,131.47,128.11,128.47,19944845.0
2021-03-23,127.83,129.62,126.46,126.96,17076304.0
2021-03-24,127.5,130.68,127.36,128.12,13079793.0
2021-03-25,127.5,130.47,126.83,130.05,15608340.0
2021-03-26,131.8,132.95,130.05,132.59,16754402.0
2021-03-29,129.62,131.23,128.54,130.18,17570343.0
2021-03-30,131.96,133.37,131.38,131.98,13184306.0
2021-03-31,130.78,131.99,129.62,129.73,16736681.0
2021-04-01,129.4,131.29,129.05,131.21,16561508.0
2021-04-05,132.8,133.34,131.0,132.02,13507979.0
2021-04-06,131.19,132.68,130.26,130.94,13071554.0
2021-04-07,131.5,133.63,131.05,133.33,16903523.0
2021-04-08,132.4,133.91,130.71,133.52,12335512.0
2021-04-09,134.21,135.44,133.37,134.68,12122400.0
2021-04-12,133.98,135.65,133.97,134.35,12273355.0
2021-04-13,133.15,133.6,130.83,132.49,16113557.0
2021-04-14,129.87,132.23,129.33,129.61,19939592.0
2021-04-15,129.65,130.6,127.72,130.57,17694125.0
2021-04-16,132.27,132.91,131.09,131.7,13773412.0
2021-04-19,131.82,132.28,130.62,131.05,11900220.0
2021-04-20,130.14,130.15,127.05,127.67,13716678.0
2021-04-21,126.19,129.01,125.19,128.94,12236674.0
2021-04-22,128.63,128.7,125.66,125.77,15256117.0
2021-04-23,125.58,129.53,125.09,128.59,14043086.0
2021-04-26,129.18,130.86,128.78,128.96,10799065.0
2021-04-27,128.9,129.97,128.51,129.65,12821182.0
2021-04-28,130.83,131.29,129.8,130.63,8943653.0
2021-04-29,131.94,133.68,131.6,133.59,12976866.0
2021-04-30,132.5,132.89,131.41,132.21,11705065.0
2021-05-03,133.25,133.88,131.53,131.76,11801108.0
2021-05-04,131.27,134.04,130.54,133.88,12977673.0
2021-05-05,134.4,136.68,134.4,135.92,6812018.0
2021-05-06,136.47,139.22,135.56,139.09,13542406.0
2021-05-07,135.62,139.9,135.42,139.64,14257828.0
2021-05-10,139.9,142.13,139.52,139.62,14014332.0
2021-05-11,139.48,140.79,136.44,136.94,15451666.0
2021-05-12,138.01,139.18,135.43,135.85,14381733.0
2021-05-13,136.58,140.84,136.08,139.9,15397363.0
2021-05-14,140.79,142.85,140.39,142.41,10583975.0
2021-05-17,141.77,143.25,141.43,143.07,9886843.0
2021-05-18,143.08,143.9,140.64,140.75,11098117.0
2021-05-19,139.4,139.58,137.04,139.51,13278895.0
2021-05-20,139.23,140.26,137.92,139.23,10426014.0
2021-05-21,139.74,141.62,139.34,141.06,10248994.0
2021-05-24,141.76,142.63,140.52,141.94,9440290.0
2021-05-25,142.25,144.1,139.96,140.25,12609084.0
2021-05-26,141.97,142.14,139.71,140.23,13058340.0
2021-05-27,142.35,143.15,140.97,142.75,15707512.0
2021-05-28,143.08,143.34,141.66,142.64,10294700.0
2021-06-01,144.27,145.31,143.88,144.45,9445366.0
2021-06-02,145.66,145.84,143.93,144.46,10498568.0
2021-06-03,143.81,145.65,143.06,144.57,13354653.0
2021-06-04,144.61,145.07,143.43,144.84,8510831.0
2021-06-07,145.4,145.5,143.54,144.06,7267196.0
2021-06-08,142.89,144.16,141.56,143.4,10370719.0
2021-06-09,142.54,142.62,140.68,141.34,12377367.0
2021-06-10,142.76,143.64,138.71,138.8,12119419.0
2021-06-11,138.83,139.6,137.46,138.69,13683774.0
2021-06-14,138.55,138.73,135.06,135.97,19917855.0
2021-06-15,135.1,135.32,132.53,133.58,24485479.0
2021-06-16,133.13,136.02,131.51,134.67,25321233.0
2021-06-17,135.5,135.86,129.65,130.16,29722421.0
2021-06-18,127.7,128.1,125.96,126.32,43595659.0
2021-06-21,127.48,129.6,127.42,128.83,18664796.0
2021-06-22,129.0,129.37,127.06,128.61,14251160.0
2021-06-23,128.6,130.44,128.49,129.52,12733326.0
2021-06-24,130.32,131.52,129.62,130.91,13733186.0
2021-06-25,130.99,132.9,130.07,132.45,15484922.0
2021-06-28,132.1,132.88,130.52,132.73,14125837.0
2021-06-29,133.4,134.71,132.01,132.54,14528708.0
2021-06-30,132.15,134.48,132.11,133.94,12530993.0
2021-07-01,134.66,135.54,133.81,135.48,10479389.0
2021-07-02,135.25,135.62,134.42,135.33,11431349.0
2021-07-06,135.08,135.08,131.65,132.71,15083360.0
2021-07-07,131.31,133.58,130.85,132.89,12271789.0
2021-07-08,130.91,131.83,129.34,130.24,17834574.0
2021-07-09,132.35,135.45,131.88,135.07,13694523.0
2021-07-12,133.65,138.46,133.24,137.3,19940363.0
2021-07-13,135.35,136.69,132.8,134.95,22671744.0
2021-07-14,135.25,136.58,132.25,134.42,14622833.0
2021-07-15,133.2,135.83,133.0,134.76,11539263.0
2021-07-16,135.26,135.58,130.32,131.21,14002741.0
2021-07-19,127.85,129.12,125.01,126.27,22172865.0
2021-07-20,125.82,130.42,125.63,129.01,15385158.0
2021-07-21,131.35,132.95,130.66,132.16,12356686.0
2021-07-22,132.18,132.74,129.27,130.23,9913322.0
2021-07-23,130.78,132.14,129.55,129.94,9666101.0
2021-07-26,129.49,131.26,129.47,130.95,8207990.0
2021-07-27,129.7,131.79,129.1,130.75,11218727.0
2021-07-28,131.59,132.07,130.18,131.0,9217294.0
2021-07-29,132.44,133.17,131.21,132.3,9063531.0
2021-07-30,131.88,132.97,130.5,131.08,9805241.0
2021-08-02,131.33,133.75,130.37,130.47,10203157.0
2021-08-03,131.25,132.62,128.82,132.19,10394804.0
2021-08-04,130.55,132.67,130.21,130.54,10154973.0
2021-08-05,131.58,132.99,131.31,132.45,9151499.0
2021-08-06,134.49,137.12,134.41,136.8,13328750.0
2021-08-09,136.82,137.85,135.2,136.63,9516867.0
2021-08-10,136.04,139.27,135.61,138.56,8666998.0
2021-08-11,139.3,140.8,138.38,140.46,9156458.0
2021-08-12,141.18,141.67,139.85,141.09,8849610.0
2021-08-13,141.09,141.46,138.87,139.28,8980903.0
2021-08-16,138.24,138.33,136.08,138.23,8759767.0
2021-08-17,136.87,138.16,134.57,136.31,9347213.0
2021-08-18,135.61,137.31,134.64,134.88,8065493.0
2021-08-19,132.46,134.86,132.31,133.58,9517737.0
2021-08-20,133.65,134.2,132.46,134.02,6974102.0
2021-08-23,134.63,136.39,134.54,136.0,7934587.0
2021-08-24,136.3,137.85,136.17,136.97,7670925.0
2021-08-25,137.81,141.08,137.1,140.22,11335040.0
2021-08-26,141.56,143.13,140.45,141.05,11027451.0
2021-08-27,141.05,142.46,140.56,142.35,8780185.0
2021-08-30,142.51,142.79,139.18,139.74,7937561.0
2021-08-31,139.74,140.67,138.65,139.25,12340838.0
2021-09-01,139.52,140.06,138.27,139.02,8729920.0
2021-09-02,139.32,140.91,138.73,139.76,8815634.0
2021-09-03,139.69,140.19,138.45,138.79,7961223.0
2021-09-07,139.29,140.68,138.26,138.51,9290968.0
2021-09-08,138.19,138.88,137.34,137.8,7852678.0
2021-09-09,137.57,140.13,137.38,138.49,7904256.0
2021-09-10,139.86,140.02,136.52,136.66,8311551.0
2021-09-13,137.83,139.35,137.37,139.16,10052807.0
2021-09-14,139.75,140.64,135.56,136.37,11685606.0
2021-09-15,136.02,137.99,135.77,137.46,11691485.0
2021-09-16,138.71,140.15,136.52,137.39,10880895.0
2021-09-17,136.68,138.31,136.3,136.98,25608018.0
2021-09-20,133.19,133.86,129.79,132.26,15819905.0
2021-09-21,132.83,133.85,131.88,132.28,8999860.0
2021-09-22,134.5,136.55,134.4,135.21,11236150.0
2021-09-23,137.3,141.01,136.97,140.48,12336136.0
2021-09-24,140.74,142.89,140.12,142.34,10102432.0
2021-09-27,144.3,146.7,143.91,146.28,13220871.0
2021-09-28,147.0,148.6,144.96,145.38,13387886.0
2021-09-29,145.51,146.2,144.34,145.25,7777078.0
2021-09-30,146.22,146.29,142.09,142.99,13168016.0
2021-10-01,143.3,147.6,142.9,146.43,11284976.0
2021-10-04,146.27,149.74,145.03,146.25,14120044.0
2021-10-05,147.51,150.44,146.97,148.96,12292877.0
2021-10-06,148.29,149.4,146.3,149.32,8692607.0
2021-10-07,151.5,151.81,149.84,150.39,10195443.0
2021-10-08,150.32,151.64,149.6,150.52,8190144.0
2021-10-11,151.1,151.59,146.76,146.94,12154737.0
2021-10-12,146.05,146.99,145.07,145.66,13032633.0
2021-10-13,144.37,145.71,140.9,141.3,22753485.0
2021-10-14,142.05,144.31,140.36,143.77,15180727.0
2021-10-15,145.65,147.47,144.44,146.91,14267441.0
2021-10-18,146.78,148.91,146.21,146.85,12672909.0
2021-10-19,147.7,148.95,146.88,148.87,8053949.0
2021-10-20,148.6,151.17,147.76,151.14,8185565.0
2021-10-21,151.06,151.63,148.98,149.8,8415166.0
2021-10-22,150.33,152.39,150.0,152.08,8817895.0
2021-10-25,153.01,153.26,150.78,151.24,10159202.0
2021-10-26,151.3,152.79,150.84,151.7,8015067.0
2021-10-27,150.62,151.0,147.64,148.13,9846993.0
2021-10-28,148.6,150.81,148.26,150.66,7212937.0
2021-10-29,151.48,152.54,149.69,150.19,8140070.0
2021-11-01,152.34,152.63,149.31,150.1,7435507.0
2021-11-02,150.1,151.99,149.22,150.77,7173754.0
2021-11-03,150.43,151.43,149.45,150.83,8402685.0
2021-11-04,150.3,150.5,146.79,148.59,9574152.0
2021-11-05,149.2,150.39,147.71,148.35,7975570.0
2021-11-08,149.35,151.22,149.04,149.36,6413707.0
2021-11-09,147.65,148.77,146.9,148.08,7990283.0
2021-11-10,147.75,149.25,147.39,147.92,6999214.0
2021-11-11,147.82,148.98,147.2,147.91,5815267.0
2021-11-12,147.95,148.04,146.02,147.16,8113441.0
2021-11-15,147.51,148.09,146.3,146.86,6492463.0
2021-11-16,147.36,147.37,145.42,145.66,9706145.0
2021-11-17,145.51,145.86,143.69,144.77,9909576.0
2021-11-18,144.69,145.15,142.86,143.35,8123567.0
2021-11-19,141.6,142.41,139.75,141.22,12193634.0
2021-11-22,144.46,146.28,143.29,144.65,14551672.0
2021-11-23,145.8,148.86,145.67,148.58,12362344.0
2021-11-24,148.76,149.74,146.74,147.26,9629790.0
2021-11-26,142.44,142.95,139.12,142.23,13619276.0
2021-11-29,143.61,145.08,140.12,141.53,12104369.0
2021-11-30,139.46,140.93,138.59,139.13,18922616.0
2021-12-01,141.3,143.57,138.1,138.19,12258685.0
2021-12-02,140.13,143.55,139.1,141.51,12969926.0
2021-12-03,141.8,142.13,137.49,138.59,12681765.0
2021-12-06,141.31,142.91,139.76,140.46,11186493.0
2021-12-07,142.18,143.69,141.46,142.87,9851554.0
2021-12-08,142.96,143.57,140.47,141.01,11705673.0
2021-12-09,139.95,141.23,138.95,140.76,11189642.0
2021-12-10,141.62,142.0,139.43,140.12,10405374.0
2021-12-13,139.8,140.09,137.58,138.22,12068987.0
2021-12-14,137.75,141.19,137.6,139.43,12563560.0
2021-12-15,140.15,140.15,137.65,138.24,14014167.0
2021-12-16,140.69,142.12,139.0,140.71,19542759.0
2021-12-17,139.62,139.68,135.48,137.06,28138027.0
2021-12-20,134.81,135.0,132.14,134.24,15147982.0
2021-12-21,135.71,137.48,135.39,136.39,11291338.0
2021-12-22,136.05,137.36,135.54,137.0,7272989.0
2021-12-23,137.91,139.42,137.51,137.56,8055154.0
2021-12-27,137.9,138.5,136.64,138.46,6189234.0
2021-12-28,138.5,140.45,138.38,138.94,6342743.0
2021-12-29,139.15,139.93,138.45,138.86,6398927.0
2021-12-30,139.41,140.54,138.67,138.78,6948171.0
2021-12-31,138.75,139.59,138.26,138.65,5805902.0
2022-01-03,140.16,142.94,139.81,142.0,13128118.0
2022-01-04,144.61,148.88,144.53,148.13,20195802.0
2022-01-05,149.12,149.66,145.03,145.08,17539410.0
2022-01-06,148.21,148.67,145.17,146.82,14047498.0
2022-01-07,146.97,148.83,146.36,148.46,13913345.0
2022-01-10,150.37,150.61,146.83,148.62,12922455.0
2022-01-11,149.56,149.82,147.61,148.79,11854115.0
2022-01-12,149.76,150.89,148.48,149.74,12568011.0
2022-01-13,149.64,151.11,149.19,149.53,13623418.0
2022-01-14,142.06,142.33,138.2,139.19,40158362.0
2022-01-18,137.08,137.08,131.84,132.57,32348432.0
2022-01-19,132.87,133.53,129.85,130.23,22380026.0
2022-01-20,130.29,131.91,128.66,128.96,14860843.0
2022-01-21,128.8,128.81,125.57,126.38,20705401.0
2022-01-24,123.58,126.78,120.87,126.25,28503121.0
2022-01-25,124.95,128.15,122.09,127.83,18915869.0
2022-01-26,130.02,131.87,127.26,129.22,20709097.0
2022-01-27,130.72,131.68,125.43,126.61,17544523.0
2022-01-28,125.49,128.06,123.47,127.91,14116969.0
2022-01-31,126.94,130.09,125.97,129.9,13985745.0
2022-02-01,129.99,132.77,129.6,132.45,14584935.0
2022-02-02,131.8,132.24,129.37,131.24,12441136.0
2022-02-03,131.3,132.95,129.59,130.0,12474882.0
2022-02-04,130.4,134.8,130.07,133.86,16654409.0
2022-02-07,134.57,134.92,132.15,134.37,12572283.0
2022-02-08,136.3,139.78,136.1,137.25,20411387.0
2022-02-09,137.89,138.73,137.12,137.9,9131135.0
2022-02-10,137.96,140.33,136.52,137.25,16455635.0
2022-02-11,136.91,139.49,134.27,135.22,16830005.0
2022-02-14,134.03,134.98,131.62,133.79,17026491.0
2022-02-15,135.81,137.24,135.15,136.02,9500867.0
2022-02-16,135.04,137.4,135.04,136.3,9076526.0
2022-02-17,134.3,135.03,131.96,132.73,11367457.0
2022-02-18,133.43,135.44,132.43,133.44,11733315.0
2022-02-22,131.9,134.54,131.71,133.17,11333475.0
2022-02-23,134.42,134.6,129.27,129.99,11799031.0
2022-02-24,124.24,126.29,121.08,125.85,25655100.0
2022-02-25,126.55,131.43,126.21,129.27,18367679.0
2022-02-28,124.85,126.36,122.18,123.1,31315344.0
2022-03-01,121.34,121.78,114.88,117.75,36840448.0
2022-03-02,118.59,121.34,117.91,120.58,19405581.0
2022-03-03,121.14,122.28,118.36,119.59,16640804.0
2022-03-04,116.24,116.72,113.7,115.7,21020675.0
2022-03-07,113.47,113.99,110.25,110.51,27560052.0
2022-03-08,110.94,113.09,108.57,109.6,19207816.0
2022-03-09,114.2,116.54,113.74,114.74,17536202.0
2022-03-10,113.16,114.75,111.62,113.16,15604247.0
2022-03-11,113.79,115.38,109.72,110.19,20061789.0
2022-03-14,110.76,114.22,110.53,111.47,15786898.0
2022-03-15,113.1,114.85,112.43,113.78,15096604.0
2022-03-16,116.17,119.79,115.73,119.7,20354896.0
2022-03-17,118.16,121.49,117.22,121.45,17050454.0
2022-03-18,121.49,122.15,119.76,121.4,23656519.0
2022-03-21,121.65,122.06,120.03,120.95,12676051.0
2022-03-22,123.57,125.23,123.02,123.92,13548587.0
2022-03-23,122.28,122.89,120.5,121.08,12093218.0
2022-03-24,121.6,122.01,120.41,121.99,10017625.0
2022-03-25,122.39,124.48,122.1,123.22,8386416.0
2022-03-28,121.3,122.27,119.2,122.17,10818077.0
2022-03-29,124.65,124.9,121.54,122.48,11316503.0
2022-03-30,123.2,123.42,121.21,121.84,8771027.0
2022-03-31,121.13,121.65,117.56,117.62,17353942.0
2022-04-01,118.7,118.71,115.1,116.61,15721297.0
2022-04-04,115.42,118.24,114.19,117.21,17422937.0
2022-04-05,116.37,117.7,115.31,115.64,12110267.0
2022-04-06,113.88,114.86,113.26,113.79,12914733.0
2022-04-07,113.25,114.22,111.03,113.39,12994231.0
2022-04-08,113.97,116.2,113.79,115.79,13126938.0
2022-04-11,115.3,117.2,114.87,115.3,10466429.0
2022-04-12,114.44,116.88,113.0,113.84,12989862.0
2022-04-13,109.24,111.55,108.31,109.6,30838027.0
2022-04-14,108.8,110.6,107.32,108.42,18835190.0
2022-04-18,107.97,111.54,107.84,110.76,11834444.0
2022-04-19,110.75,113.62,110.53,113.42,15015448.0
2022-04-20,114.82,115.81,113.64,113.88,13430189.0
2022-04-21,114.52,115.11,112.26,112.86,12174182.0
2022-04-22,112.58,112.82,108.99,109.11,14318842.0
2022-04-25,108.31,109.41,105.41,109.07,17149031.0
2022-04-26,106.94,108.71,105.17,105.32,17209535.0
2022-04-27,104.63,105.86,103.52,103.72,17215247.0
2022-04-28,105.11,105.95,103.44,105.64,13019941.0
2022-04-29,105.35,105.91,101.2,101.66,14874811.0
2022-05-02,102.18,103.01,100.52,102.75,18544958.0
2022-05-03,103.83,106.47,103.08,105.33,15720935.0
2022-05-04,105.1,109.7,105.04,109.4,17128535.0
2022-05-05,107.55,108.4,104.46,106.22,15055401.0
2022-05-06,106.1,106.59,103.48,106.02,14417942.0
2022-05-09,104.41,105.63,102.8,104.16,14312300.0
2022-05-10,105.41,106.08,99.86,101.19,16382441.0
2022-05-11,101.6,105.19,100.24,100.44,14630299.0
2022-05-12,99.3,100.62,97.67,100.34,16318801.0
2022-05-13,101.71,102.55,100.26,101.39,10443203.0
2022-05-16,100.84,101.76,99.53,100.56,10269025.0
2022-05-17,103.34,105.27,103.11,104.48,11160151.0
2022-05-18,103.6,104.27,101.83,102.39,12664912.0
2022-05-19,100.49,101.95,99.93,100.61,12765769.0
2022-05-20,101.76,101.97,97.32,99.64,13150099.0
2022-05-23,102.76,108.87,102.75,106.9,24376725.0
2022-05-24,106.66,109.79,105.41,108.66,19324922.0
2022-05-25,108.58,110.16,107.47,109.54,12780385.0
2022-05-26,110.67,112.49,110.51,111.74,15990944.0
2022-05-27,112.46,113.57,111.44,113.57,11177759.0
2022-05-31,112.48,115.45,112.01,114.53,17015042.0
2022-06-01,115.17,115.17,110.97,112.21,10768023.0
2022-06-02,112.2,114.31,110.97,114.3,8374794.0
2022-06-03,113.51,114.07,112.29,112.46,8596022.0
2022-06-06,113.39,114.69,111.76,112.03,11323459.0
2022-06-07,111.13,112.62,110.92,112.37,6722167.0
2022-06-08,111.3,111.75,109.2,110.3,8422110.0
2022-06-09,109.67,110.4,107.57,107.61,13565478.0
2022-06-10,104.89,105.7,101.62,101.85,12951760.0
2022-06-13,99.16,100.25,97.36,98.29,16805564.0
2022-06-14,97.85,99.62,95.52,96.36,13357912.0
2022-06-15,97.92,99.25,95.47,97.71,14083548.0
2022-06-16,96.16,96.56,94.17,95.73,16724855.0
2022-06-17,95.84,96.93,94.46,95.33,30919865.0
2022-06-21,98.16,99.33,97.34,98.13,11680485.0
2022-06-22,97.18,98.5,96.69,97.48,9848572.0
2022-06-23,97.31,97.48,93.78,96.22,11851541.0
2022-06-24,95.53,100.12,95.13,99.62,14841090.0
2022-06-27,100.36,100.8,97.94,98.68,11280485.0
2022-06-28,99.97,101.59,97.9,98.12,11615519.0
2022-06-29,98.3,99.12,97.03,97.6,9338432.0
2022-06-30,95.47,96.38,93.23,94.91,15172611.0
2022-07-01,94.95,96.72,93.46,96.35,10573577.0
2022-07-05,94.07,96.01,92.6,95.92,12515590.0
2022-07-06,95.03,96.29,94.09,95.19,10656197.0
2022-07-07,96.8,98.2,96.7,98.02,10347385.0
2022-07-08,98.46,98.95,96.91,97.66,8807840.0
2022-07-11,96.85,97.53,95.52,96.16,7944573.0
2022-07-12,95.88,98.48,95.56,96.27,11250917.0
2022-07-13,95.05,95.78,93.68,95.21,12979883.0
2022-07-14,91.29,91.53,89.36,91.3,26204846.0
2022-07-15,92.46,97.18,90.97,96.25,18863886.0
2022-07-18,98.07,99.14,94.59,95.09,13977903.0
2022-07-19,96.43,98.24,95.97,97.86,11862269.0
2022-07-20,97.4,98.04,96.78,97.84,11667540.0
2022-07-21,97.74,98.83,96.67,98.62,11595860.0
2022-07-22,98.54,99.55,96.97,98.06,7645542.0
2022-07-25,99.14,99.76,98.07,98.52,9394033.0
2022-07-26,97.88,98.88,96.33,96.72,10675119.0
2022-07-27,97.31,99.04,96.6,98.54,9274454.0
2022-07-28,98.55,99.28,96.83,98.11,10384770.0
2022-07-29,98.89,99.8,98.09,98.66,12944544.0
2022-08-01,97.8,98.41,96.37,97.51,14740406.0
2022-08-02,97.22,97.7,95.57,95.73,14942854.0
2022-08-03,96.75,97.4,95.01,96.91,14394499.0
2022-08-04,96.15,96.62,94.32,95.66,18033854.0
2022-08-05,95.83,99.49,95.35,99.06,14174642.0
2022-08-08,99.55,100.0,97.48,97.65,10339584.0
2022-08-09,98.05,99.29,97.67,98.68,10233754.0
2022-08-10,101.26,102.67,100.8,101.69,12847258.0
2022-08-11,103.2,104.5,102.61,103.44,11684856.0
2022-08-12,103.97,105.55,102.74,105.43,9906716.0
2022-08-15,104.44,106.02,103.9,105.76,8456202.0
2022-08-16,105.59,107.54,105.17,106.93,9554966.0
2022-08-17,105.6,106.46,104.99,105.89,8149335.0
2022-08-18,105.54,105.77,103.85,104.94,9531752.0
2022-08-19,103.92,104.29,101.41,101.93,13464469.0
2022-08-22,100.05,100.46,98.8,99.97,8967607.0
2022-08-23,99.99,100.59,98.68,98.82,7607042.0
2022-08-24,98.59,99.71,97.75,99.1,9771264.0
2022-08-25,99.46,102.04,98.98,101.85,10758870.0
2022-08-26,102.76,103.29,97.9,97.97,11276212.0
2022-08-29,97.3,98.16,96.76,97.69,8117296.0
2022-08-30,98.3,98.88,96.66,97.71,10745404.0
2022-08-31,97.78,98.33,96.64,97.03,10738299.0
2022-09-01,96.59,97.93,95.21,97.81,9979823.0
2022-09-02,99.17,100.75,96.49,97.01,10666594.0
2022-09-06,97.63,98.05,95.37,97.04,9751914.0
2022-09-07,96.43,99.41,96.06,99.2,10647866.0
2022-09-08,98.58,102.09,97.93,101.9,11434984.0
2022-09-09,102.44,103.35,101.97,102.47,9302228.0
2022-09-12,103.92,104.85,103.09,103.88,8614630.0
2022-09-13,101.37,102.22,99.08,99.69,12904575.0
2022-09-14,100.0,101.14,98.18,99.42,9345718.0
2022-09-15,99.42,102.68,99.06,101.17,10821438.0
2022-09-16,100.69,100.7,98.67,100.38,14844136.0
2022-09-19,99.3,102.03,98.81,101.46,8201305.0
2022-09-20,100.71,100.99,97.94,99.13,9619026.0
2022-09-21,99.84,99.9,95.72,95.79,12606281.0
2022-09-22,96.68,96.9,94.37,94.51,11684463.0
2022-09-23,93.35,93.64,90.46,92.44,18138572.0
2022-09-26,91.3,92.91,89.36,90.09,15753581.0
2022-09-27,91.05,91.47,87.95,89.15,12793612.0
2022-09-28,89.25,92.03,88.94,91.29,12762596.0
2022-09-29,90.25,90.58,87.7,89.46,12713926.0
2022-09-30,89.36,90.92,87.7,87.8,15973415.0
2022-10-03,88.92,91.66,87.76,91.03,12248137.0
2022-10-04,93.91,96.29,93.16,96.07,16013586.0
2022-10-05,94.05,95.25,93.13,94.69,10943502.0
2022-10-06,93.76,94.49,92.24,92.44,11521415.0
2022-10-07,91.82,92.01,89.57,90.28,11681088.0
2022-10-10,91.03,91.61,88.82,89.29,8931729.0
2022-10-11,88.67,88.84,86.15,86.26,12739700.0
2022-10-12,86.1,89.03,85.58,87.91,13180960.0
2022-10-13,86.28,94.2,86.06,93.67,22398706.0
2022-10-14,96.26,99.54,95.02,95.49,33420141.0
2022-10-17,99.71,101.31,98.62,100.16,22276272.0
2022-10-18,103.96,104.44,101.26,103.14,21539680.0
2022-10-19,102.29,103.13,99.97,100.81,17072035.0
2022-10-20,101.46,103.01,99.95,100.43,12207437.0
2022-10-21,100.76,106.69,100.63,106.53,20593310.0
2022-10-24,106.37,107.4,105.63,106.68,12624177.0
2022-10-25,106.15,107.57,105.19,107.0,11289101.0
2022-10-26,107.3,109.5,107.18,108.41,11671494.0
2022-10-27,109.5,110.5,108.51,108.9,10727612.0
2022-10-28,109.59,110.58,108.35,110.38,11859472.0
2022-10-31,110.0,111.73,109.89,110.18,13295173.0
2022-11-01,111.17,112.58,110.63,112.45,13386945.0
2022-11-02,111.95,114.66,110.94,111.27,16546085.0
2022-11-03,110.61,112.48,110.21,111.5,12474358.0
2022-11-04,113.79,115.13,112.76,114.98,14354353.0
2022-11-07,115.3,116.59,114.78,115.67,12011157.0
2022-11-08,115.54,116.36,114.44,115.75,9884053.0
2022-11-09,115.62,115.73,113.52,114.04,9493961.0
2022-11-10,116.93,119.55,116.83,119.38,16351589.0
2022-11-11,119.49,120.47,118.08,119.6,10704664.0
2022-11-14,119.1,120.03,118.21,118.21,11085604.0
2022-11-15,118.98,120.01,115.9,117.24,14038346.0
2022-11-16,117.3,117.86,116.33,117.42,7893359.0
2022-11-17,116.3,117.19,115.58,116.84,8824558.0
2022-11-18,118.87,118.97,116.58,118.14,9468537.0
2022-11-21,118.04,118.86,117.05,117.35,7800517.0
2022-11-22,118.3,119.57,117.99,119.34,9185670.0
2022-11-23,119.24,120.8,119.16,120.78,7316204.0
2022-11-25,120.78,121.44,120.36,121.04,3220496.0
2022-11-28,120.37,121.01,118.49,118.65,9907551.0
2022-11-29,118.96,120.94,118.71,120.86,7925322.0
2022-11-30,120.39,122.48,117.49,122.48,14761248.0
2022-12-01,122.48,122.96,119.73,120.54,8858472.0
2022-12-02,118.79,119.65,117.64,119.46,8932057.0
2022-12-05,118.54,118.87,114.9,115.67,10154531.0
2022-12-06,117.69,119.41,114.17,115.89,13966691.0
2022-12-07,115.61,117.38,114.63,115.8,11739425.0
2022-12-08,116.63,117.28,115.73,117.18,8907257.0
2022-12-09,116.5,118.06,116.3,116.46,7957818.0
2022-12-12,116.7,118.95,115.9,118.51,8841631.0
2022-12-13,121.19,121.39,117.38,118.38,10025383.0
2022-12-14,118.08,120.01,117.06,117.71,9966115.0
2022-12-15,115.45,116.38,113.35,114.4,12090286.0
2022-12-16,113.45,114.2,112.73,113.59,21133707.0
2022-12-19,113.95,115.63,113.39,114.36,9017156.0
2022-12-20,115.27,116.35,114.5,114.99,8549927.0
2022-12-21,116.48,117.28,116.07,116.46,8051704.0
2022-12-22,115.4,115.6,112.71,114.96,8651131.0
2022-12-23,114.88,115.74,113.94,115.58,5091905.0
2022-12-27,115.87,116.52,114.85,116.04,5410991.0
2022-12-28,116.15,117.71,115.31,116.76,8827738.0
2022-12-29,117.23,117.57,116.61,117.52,6585228.0
2022-12-30,117.11,118.63,116.74,118.4,9292519.0
2023-01-03,119.54,121.04,118.19,119.42,11054778.0
2023-01-04,120.29,121.98,119.87,120.68,11687643.0
2023-01-05,120.96,121.01,119.0,120.65,8381265.0
2023-01-06,121.43,123.68,119.79,123.24,10029076.0
2023-01-09,123.9,124.18,122.18,122.67,8482297.0
2023-01-10,123.09,124.02,122.61,123.9,9048665.0
2023-01-11,124.2,125.05,123.4,124.93,8703698.0
2023-01-12,125.3,126.16,124.52,124.79,11001666.0
2023-01-13,120.9,128.79,120.1,128.31,20200047.0
2023-01-17,126.47,126.84,124.53,126.1,14292881.0
2023-01-18,124.22,126.03,121.71,121.87,13392601.0
2023-01-19,120.62,121.2,118.89,120.05,13303371.0
2023-01-20,120.46,120.79,118.85,120.38,13092492.0
2023-01-23,120.42,123.26,120.12,122.57,10487128.0
2023-01-24,125.59,125.59,120.3,123.75,6944991.0
2023-01-25,123.35,124.42,122.55,124.42,8967007.0
2023-01-26,124.72,125.36,123.66,125.28,7487631.0
2023-01-27,125.91,126.56,125.05,125.62,7489946.0
2023-01-30,124.53,125.39,124.21,124.43,6729255.0
2023-01-31,125.18,125.37,123.55,125.26,9188738.0
2023-02-01,123.51,126.18,123.42,124.89,8841846.0
2023-02-02,125.3,125.76,123.3,124.24,11822064.0
2023-02-03,123.48,127.63,123.43,126.39,11501232.0
2023-02-06,125.53,127.54,125.33,127.22,8406231.0
2023-02-07,126.68,129.64,126.48,128.95,10447888.0
2023-02-08,127.95,129.34,127.58,127.94,6957965.0
2023-02-09,128.42,128.64,125.17,125.72,6443109.0
2023-02-10,125.08,126.58,123.89,126.34,6582853.0
2023-02-13,126.6,128.03,126.04,127.87,7134607.0
2023-02-14,127.8,129.11,126.9,128.5,9249399.0
2023-02-15,126.91,129.19,126.6,129.1,6731172.0
2023-02-16,128.21,128.69,126.98,127.12,8165306.0
2023-02-17,126.28,128.13,125.37,127.54,7948829.0
2023-02-21,125.99,126.64,124.05,124.93,9996283.0
2023-02-22,124.22,124.73,122.74,123.86,11107501.0
2023-02-23,124.03,125.47,123.24,124.97,8068010.0
2023-02-24,124.41,126.66,124.23,126.23,9126888.0
2023-02-27,127.41,128.61,127.02,127.46,10014654.0
2023-02-28,128.24,129.06,127.2,128.65,11019757.0
2023-03-01,127.4,128.76,127.1,127.85,7139155.0
2023-03-02,127.54,127.73,124.84,126.37,11107549.0
2023-03-03,126.81,129.04,126.38,128.96,9513063.0
2023-03-06,128.74,129.34,127.96,128.12,9261255.0
2023-03-07,127.31,127.61,123.11,123.92,11747620.0
2023-03-08,123.3,123.89,122.19,123.1,10002548.0
2023-03-09,122.06,122.65,114.52,115.64,25888097.0
2023-03-10,114.26,120.56,113.12,118.95,37599655.0
2023-03-13,116.51,119.18,114.71,116.55,42901132.0
2023-03-14,120.58,120.83,116.59,119.92,29648116.0
2023-03-15,116.28,116.29,112.03,113.56,34280607.0
2023-03-16,113.31,117.25,111.32,116.05,24570587.0
2023-03-17,113.68,113.78,110.75,111.11,38395982.0
2023-03-20,112.29,114.77,111.31,112.44,22875505.0
2023-03-21,115.89,117.03,115.49,115.85,17807808.0
2023-03-22,115.86,115.96,112.38,112.48,17250168.0
2023-03-23,113.2,114.83,111.32,112.14,16677640.0
2023-03-24,110.93,110.98,108.41,110.21,22326916.0
2023-03-27,112.09,114.68,111.59,113.79,18853935.0
2023-03-28,114.01,114.64,113.04,114.18,10820466.0
2023-03-29,115.4,115.52,113.07,114.44,14595260.0
2023-03-30,115.25,115.42,112.95,114.05,12134675.0
2023-03-31,114.96,115.64,114.15,115.61,13105215.0
2023-04-03,115.21,116.74,114.71,115.46,11775388.0
2023-04-04,115.8,115.89,112.71,113.72,11579916.0
2023-04-05,113.1,114.45,112.76,113.91,9614692.0
2023-04-06,113.3,114.38,113.16,113.77,8760220.0
2023-04-10,112.84,114.53,112.52,114.19,9477292.0
2023-04-11,114.6,115.24,113.84,114.82,10516267.0
2023-04-12,115.48,116.73,114.36,114.8,11820995.0
2023-04-13,114.76,115.34,113.13,115.29,12450242.0
2023-04-14,121.45,125.42,121.2,125.03,43931328.0
2023-04-17,126.25,126.36,123.96,126.13,16050486.0
2023-04-18,126.57,128.08,125.33,127.7,13760139.0
2023-04-19,127.53,127.8,126.7,127.52,9158112.0
2023-04-20,126.21,127.73,126.14,127.11,10586245.0
2023-04-21,126.04,127.41,125.08,126.84,11842537.0
2023-04-24,126.76,127.4,126.34,127.03,7567666.0
2023-04-25,125.9,126.26,123.93,123.97,10629325.0
2023-04-26,123.92,124.11,120.3,121.53,14416145.0
2023-04-27,122.3,124.21,121.96,123.35,9041092.0
2023-04-28,122.86,124.62,121.97,124.54,9887262.0
2023-05-01,128.56,129.67,127.13,127.5,20415762.0
2023-05-02,127.7,128.71,124.73,125.22,14113447.0
2023-05-03,124.74,124.97,122.06,122.28,12930906.0
2023-05-04,121.26,122.02,118.11,120.42,17089164.0
2023-05-05,122.74,124.18,122.21,123.04,11261394.0
2023-05-08,123.79,124.27,122.78,123.37,7484872.0
2023-05-09,122.23,123.25,121.51,122.71,7343573.0
2023-05-10,124.25,124.36,121.17,122.78,8133416.0
2023-05-11,121.3,123.11,121.2,122.35,7057277.0
2023-05-12,123.12,123.29,119.43,120.4,9988598.0
2023-05-15,120.57,121.97,120.26,121.53,7639451.0
2023-05-16,121.76,122.24,120.26,120.62,6483267.0
2023-05-17,122.2,124.89,121.76,124.75,12711522.0
2023-05-18,124.57,126.03,124.06,125.8,10999607.0
2023-05-19,126.09,126.79,124.43,125.48,13492239.0
2023-05-22,127.3,127.94,123.96,124.33,11402476.0
2023-05-23,123.84,125.33,122.76,122.89,9514897.0
2023-05-24,121.7,122.65,121.38,121.64,8577997.0
2023-05-25,121.12,122.57,120.88,121.97,8472505.0
2023-05-26,122.41,123.9,121.93,123.24,8579941.0
2023-05-30,123.1,124.02,122.32,123.76,7399867.0
2023-05-31,123.03,123.14,120.7,122.01,14219906.0
2023-06-01,122.82,124.53,121.75,123.88,12248094.0
2023-06-02,125.86,127.78,125.64,126.77,12922471.0
2023-06-05,126.41,126.41,124.43,125.39,8511902.0
2023-06-06,124.98,126.4,124.51,125.64,9329541.0
2023-06-07,125.85,127.57,125.13,126.99,9281389.0
2023-06-08,126.97,127.19,125.78,127.03,7370043.0
2023-06-09,126.65,128.1,126.51,127.31,7253946.0
2023-06-12,127.37,127.62,126.06,127.3,7600196.0
2023-06-13,126.78,129.17,126.44,128.32,7701567.0
2023-06-14,129.3,129.91,127.0,127.79,9068729.0
2023-06-15,126.89,129.7,126.33,129.39,9343096.0
2023-06-16,129.35,130.27,128.8,129.56,13813512.0
2023-06-20,128.91,129.3,127.34,128.83,8431008.0
2023-06-21,129.2,130.32,127.99,128.62,9926459.0
2023-06-22,128.61,128.9,125.25,125.88,10076325.0
2023-06-23,124.84,125.48,123.92,125.15,9919539.0
2023-06-26,125.17,126.31,123.99,125.49,8429727.0
2023-06-27,125.3,126.14,124.84,125.5,8154024.0
2023-06-28,125.46,125.51,124.26,124.89,7558644.0
2023-06-29,126.37,129.86,126.15,129.73,15423230.0
2023-06-30,130.9,132.3,129.96,131.74,14212816.0
2023-07-03,132.49,133.78,132.3,132.91,8021622.0
2023-07-05,132.24,132.73,131.66,131.94,8935519.0
2023-07-06,130.32,130.69,128.74,130.51,9714100.0
2023-07-07,131.21,133.14,130.3,131.64,8981456.0
2023-07-10,131.8,133.29,131.8,132.45,9100060.0
2023-07-11,133.64,135.12,133.01,134.72,11265592.0
2023-07-12,134.75,137.17,134.3,135.45,11323228.0
2023-07-13,136.0,136.67,135.05,136.17,11234925.0
2023-07-14,138.85,140.19,135.71,137.07,27028429.0
2023-07-17,137.65,141.05,137.65,140.68,17262394.0
2023-07-18,140.68,141.7,140.12,140.96,13491725.0
2023-07-19,140.05,142.51,139.52,141.55,12510000.0
2023-07-20,141.83,143.89,141.71,143.45,9935907.0
2023-07-21,143.1,143.44,141.99,142.25,10636378.0
2023-07-24,142.27,146.09,142.03,145.3,14381425.0
2023-07-25,144.6,145.02,143.26,144.12,9944679.0
2023-07-26,144.01,145.55,143.58,145.06,8728593.0
2023-07-27,145.07,146.08,142.85,143.32,10778406.0
2023-07-28,144.58,144.9,143.74,144.21,9105974.0
2023-07-31,144.48,146.68,144.45,145.26,8894353.0
2023-08-01,144.73,145.3,143.45,144.48,6855682.0
2023-08-02,142.86,142.99,141.24,142.7,8303708.0
2023-08-03,142.3,144.22,141.65,143.65,6087542.0
2023-08-04,143.7,145.1,143.0,143.32,6209397.0
2023-08-07,143.9,145.0,143.9,144.06,7251832.0
2023-08-08,141.62,143.28,139.89,143.18,8623379.0
2023-08-09,142.62,142.82,140.77,141.09,6277813.0
2023-08-10,141.68,142.74,140.39,140.86,5995076.0
2023-08-11,140.33,141.82,139.93,141.75,5180690.0
2023-08-14,140.91,142.22,140.22,142.07,5044282.0
2023-08-15,140.15,140.57,137.53,138.13,10300303.0
2023-08-16,137.9,138.26,136.98,137.49,6978235.0
2023-08-17,138.18,138.56,135.7,135.93,9953912.0
2023-08-18,134.95,136.8,134.74,136.27,8517460.0
2023-08-21,136.95,137.41,135.32,136.78,8327018.0
2023-08-22,136.56,136.94,133.15,133.68,9681972.0
2023-08-23,133.65,134.89,132.76,134.67,7858021.0
2023-08-24,134.8,136.71,134.29,134.53,6534026.0
2023-08-25,134.58,135.92,133.15,134.35,6695537.0
2023-08-28,134.87,135.91,134.43,134.86,5094201.0
2023-08-29,135.01,136.15,134.48,136.06,6336962.0
2023-08-30,135.92,136.45,134.49,135.46,6277318.0
2023-08-31,135.56,135.65,133.26,133.63,10933938.0
2023-09-01,133.39,135.38,133.0,134.12,7903496.0
2023-09-05,134.46,135.51,132.31,132.5,7854739.0
2023-09-06,132.0,132.84,131.41,132.26,8629164.0
2023-09-07,131.43,132.57,130.69,131.02,8373738.0
2023-09-08,130.67,131.42,129.95,131.13,7110254.0
2023-09-11,132.05,132.35,130.99,131.76,6854220.0
2023-09-12,131.8,134.62,131.35,133.64,8363165.0
2023-09-13,134.64,135.0,133.12,133.71,8325914.0
2023-09-14,135.14,137.2,134.82,136.55,10034931.0
2023-09-15,136.22,137.03,135.61,136.11,19863383.0
2023-09-18,135.46,136.44,135.05,136.42,6512360.0
2023-09-19,136.8,137.02,134.51,136.23,7945606.0
2023-09-20,136.95,137.55,135.44,135.6,7334257.0
2023-09-21,134.88,136.16,133.93,134.44,8053410.0
2023-09-22,134.59,134.81,132.49,133.03,7071975.0
2023-09-25,132.65,133.82,131.0,133.75,7044672.0
2023-09-26,131.9,133.14,131.53,132.23,7468405.0
2023-09-27,132.49,133.39,131.81,133.08,6717822.0
2023-09-28,133.58,136.17,133.31,134.89,8868063.0
2023-09-29,135.9,136.06,132.16,132.32,11917826.0
2023-10-02,132.13,132.92,129.93,131.07,9170644.0
2023-10-03,130.5,130.89,129.66,130.01,9431118.0
2023-10-04,130.49,130.77,129.23,130.65,8128748.0
2023-10-05,130.39,131.45,129.18,131.25,8576237.0
2023-10-06,131.26,134.23,130.49,133.45,10270621.0
2023-10-09,132.01,133.75,131.85,133.12,6964907.0
2023-10-10,133.77,135.12,133.63,134.0,11288769.0
2023-10-11,134.86,135.58,133.37,134.5,8698175.0
2023-10-12,134.65,135.31,133.48,134.16,10484436.0
2023-10-13,136.85,141.46,136.19,136.35,29487199.0
2023-10-16,137.8,137.87,135.07,136.2,12663461.0
2023-10-17,135.92,137.66,135.14,135.88,11482739.0
2023-10-18,134.94,135.83,133.72,134.26,9620257.0
2023-10-19,133.83,135.37,133.23,133.64,11143631.0
2023-10-20,132.92,133.49,130.47,131.3,13332738.0
2023-10-23,131.29,132.03,129.08,129.35,10133396.0
2023-10-24,129.54,130.08,128.71,129.52,8881089.0
2023-10-25,128.92,129.53,127.86,128.75,8242402.0
2023-10-26,128.11,130.015,127.78,129.11,9109402.0
2023-10-27,127.3,127.45,123.54,124.04,17434501.0
2023-10-30,124.79,126.39,124.39,125.77,9855344.0
2023-10-31,126.06,127.59,125.8228,127.41,9672459.0
2023-11-01,127.6,128.88,126.82,127.29,9431329.0
2023-11-02,128.44,129.83,127.58,129.77,10185972.0
2023-11-03,130.54,132.12,130.2,131.35,9538719.0
2023-11-06,131.52,132.54,131.14,132.43,7625020.0
2023-11-07,131.86,132.6112,131.17,132.36,6297911.0
2023-11-08,132.46,133.19,131.97,133.07,7617622.0
2023-11-09,133.79,133.9999,132.05,132.64,7992475.0
2023-11-10,133.29,134.83,132.4265,134.78,7983930.0
2023-11-13,134.05,134.6,133.51,134.13,6676119.0
2023-11-14,135.03,137.6,134.87,136.79,9927720.0
2023-11-15,136.81,138.51,136.81,138.09,8365232.0
2023-11-16,138.44,139.875,138.44,139.8,8126170.0
2023-11-17,140.55,141.21,139.89,141.17,7814064.0
2023-11-20,140.43,142.1,140.27,141.64,7020319.0
2023-11-21,141.55,141.98,140.92,141.32,7083436.0
2023-11-22,141.76,142.23,141.25,141.68,5175135.0
2023-11-24,141.94,142.788,141.625,141.89,3474323.0
2023-11-27,141.78,141.88,141.06,141.54,6259092.0
2023-11-28,141.57,142.22,141.07,141.89,6582588.0
2023-11-29,142.52,143.975,142.35,142.67,9126038.0
2023-11-30,143.26,144.48,142.731,144.43,9869711.0
2023-12-01,144.17,146.21,144.17,145.19,8915998.0
2023-12-04,144.37,146.4,144.23,146.34,9607461.0
2023-12-05,145.61,146.85,145.32,146.32,9135597.0
2023-12-06,147.19,147.57,144.35,144.66,9365899.0
2023-12-07,145.04,145.66,144.5,145.14,8130620.0
2023-12-08,145.61,147.13,145.33,146.87,7369322.0
2023-12-11,146.87,147.65,146.5,147.45,8093901.0
2023-12-12,147.58,148.995,147.23,148.87,10222976.0
2023-12-13,148.87,150.38,148.12,149.41,12378891.0
2023-12-14,150.18,153.1899,150.055,152.34,13642580.0
2023-12-15,151.43,153.63,150.74,153.58,20309347.0
2023-12-18,154.27,155.48,153.98,154.58,8469461.0
2023-12-19,154.35,156.82,153.9,156.8,10345605.0
2023-12-20,156.34,157.76,154.8,154.9,10734598.0
2023-12-21,155.19,156.44,154.025,155.85,7601627.0
2023-12-22,155.85,156.58,155.58,155.75,6576322.0
2023-12-26,155.81,157.115,155.53,156.74,4683602.0
2023-12-27,156.19,157.82,155.93,157.75,6428629.0
2023-12-28,157.7,159.01,157.345,158.65,6320010.0
2023-12-29,158.35,159.04,157.98,158.45,6434932.0
2024-01-02,157.44,160.52,157.26,160.43,9977390.0
2024-01-03,160.21,160.39,158.72,159.68,9852030.0
2024-01-04,160.04,162.75,159.94,160.81,11972475.0
2024-01-05,160.87,162.78,160.87,161.67,10065879.0
2024-01-08,161.42,161.76,158.885,161.42,11229909.0
2024-01-09,161.02,161.19,159.495,160.06,9923511.0
2024-01-10,159.4,160.48,158.35,160.42,9670218.0
2024-01-11,159.73,159.76,158.0401,159.7,11919468.0
2024-01-12,163.2,165.71,158.3,158.45,19436504.0
2024-01-16,154.27,157.49,153.7,157.39,17206077.0
2024-01-17,156.74,158.47,155.89,156.49,11107450.0
2024-01-18,156.52,156.93,154.64,156.82,9382250.0
2024-01-19,156.95,159.97,156.48,159.71,13115659.0
2024-01-22,159.86,161.3803,159.11,159.51,12837148.0
2024-01-23,159.07,159.15,157.84,158.39,8360829.0
2024-01-24,158.76,160.41,158.2627,159.9,9966625.0
2024-01-25,161.71,162.39,160.305,162.34,8873420.0
2024-01-26,162.01,162.46,161.18,161.68,7442951.0
2024-01-29,161.64,162.24,160.7,162.13,6971172.0
2024-01-30,162.23,166.1603,162.23,165.67,10822075.0
2024-01-31,165.6,167.7,163.74,163.76,11521666.0
2024-02-01,163.04,164.24,160.83,163.13,9354795.0
2024-02-02,162.7,165.2162,162.66,164.13,8607448.0
2024-02-05,163.26,164.49,162.32,163.9,7820050.0
2024-02-06,164.01,165.27,163.16,164.5,6765327.0
2024-02-07,165.09,165.27,163.36,164.83,7225280.0
2024-02-08,164.4,164.7058,162.97,164.2,6059664.0
2024-02-09,164.4,164.5,163.0731,164.41,6296528.0
2024-02-12,164.18,166.208,163.1,165.19,8539221.0
2024-02-13,164.72,165.6299,162.015,163.66,8397436.0
2024-02-14,164.47,165.5,163.82,165.43,7056516.0
2024-02-15,165.55,169.61,165.55,169.27,8723336.0
2024-02-16,169.01,169.38,167.56,168.43,8152527.0
2024-02-20,168.59,169.86,167.805,169.13,9667845.0
2024-02-21,169.35,170.39,167.92,170.3,7027856.0
2024-02-22,171.22,172.82,170.64,172.47,9296091.0
2024-02-23,173.21,174.6,172.59,173.39,7105777.0
2024-02-26,173.15,173.86,171.88,172.76,7145337.0
2024-02-27,172.71,172.94,171.64,172.85,5717062.0
2024-02-28,172.83,174.6,172.36,173.78,6131292.0
2024-02-29,175.06,175.83,173.25,175.46,9642999.0
2024-03-01,175.1,175.84,174.5,174.69,6311995.0
2024-03-04,174.11,176.99,173.67,176.08,7063437.0
2024-03-05,175.76,178.7,175.76,177.95,6617345.0
2024-03-06,178.65,179.47,177.03,178.93,7572558.0
2024-03-07,179.31,179.9,176.03,177.27,7618248.0
2024-03-08,177.84,179.855,177.32,177.62,6172140.0
2024-03-11,176.68,177.84,175.62,177.69,5762551.0
2024-03-12,178.35,179.56,177.31,179.24,5708064.0
2024-03-13,179.76,181.13,179.24,180.78,7794627.0
2024-03-14,180.43,181.03,176.503,177.37,10310793.0
2024-03-15,175.88,180.34,175.88,179.7,17214181.0
2024-03-18,180.03,182.1,179.29,182.06,9013520.0
2024-03-19,182.11,183.33,181.78,183.19,8478711.0
2024-03-20,183.59,185.96,183.01,185.73,9366862.0
2024-03-21,185.92,188.83,185.73,188.46,11203793.0
2024-03-22,188.41,189.88,185.94,186.02,8108840.0
2024-03-25,186.0,186.34,183.76,184.22,8619764.0
2024-03-26,183.99,186.06,183.4554,185.13,5961360.0
2024-03-27,185.9,189.0,185.78,188.92,8725345.0
2024-03-28,188.89,190.12,187.94,189.7,8628313.0
2024-04-01,189.39,190.34,187.97,188.34,7309009.0
2024-04-02,187.79,189.18,187.48,188.26,7014683.0
2024-04-03,188.44,188.96,187.1,187.7,9353426.0
2024-04-04,189.7,190.23,186.1,186.2,9243793.0
2024-04-05,186.71,188.67,185.66,188.0,6532278.0
2024-04-08,188.17,189.53,188.17,189.03,8000963.0
2024-04-09,188.62,189.43,185.46,187.7,7358631.0
2024-04-10,186.1,187.62,184.73,186.02,7681377.0
2024-04-11,186.55,187.12,183.79,185.98,10137699.0
2024-04-12,178.87,179.48,173.09,173.34,31532308.0
2024-04-15,175.05,178.01,172.75,173.44,14766592.0
2024-04-16,173.45,173.71,170.2,171.35,16451801.0
2024-04-17,171.92,172.97,169.75,170.63,9017093.0
2024-04-18,171.65,173.91,170.52,171.8,9557720.0
2024-04-19,172.95,176.43,171.96,176.35,13402313.0
2024-04-22,176.54,180.68,176.53,179.96,11529668.0
2024-04-23,181.68,182.78,181.07,182.69,9144372.0
2024-04-24,181.08,183.78,180.72,183.63,6964905.0
2024-04-25,182.8,184.49,181.73,183.92,9802265.0
2024-04-26,184.12,185.42,183.61,184.04,6413655.0
2024-04-29,184.03,184.81,182.98,183.83,5411129.0
2024-04-30,183.36,185.54,182.19,182.29,8153681.0
2024-05-01,182.82,185.01,181.34,182.41,7446703.0
2024-05-02,183.62,184.05,180.07,182.21,6501657.0
2024-05-03,182.55,183.079,179.01,181.06,8922725.0
2024-05-06,182.28,182.75,180.365,182.55,7911133.0
2024-05-07,182.25,183.48,182.2,182.3,7688667.0
2024-05-08,181.55,187.2,181.55,186.2,9227559.0
2024-05-09,185.72,188.14,185.65,188.05,7977188.0
2024-05-10,189.09,189.8899,188.82,189.32,7529725.0
2024-05-13,189.35,190.4,188.59,189.28,7048891.0
2024-05-14,189.55,192.13,188.71,192.06,8596070.0
2024-05-15,192.56,193.24,190.32,192.66,8369954.0
2024-05-16,192.77,195.03,192.5401,193.02,8497646.0
2024-05-17,194.36,195.6,193.3649,195.34,9260490.0
2024-05-20,194.94,196.43,185.95,186.13,17373231.0
2024-05-21,187.55,190.45,187.15,190.07,14420737.0
2024-05-22,189.55,191.485,188.24,188.86,9425274.0
2024-05-23,188.36,188.85,186.62,187.47,8069047.0
2024-05-24,188.3,191.31,188.11,191.26,7356225.0
2024-05-28,190.41,190.96,189.21,190.05,6909463.0
2024-05-29,188.55,189.54,187.44,188.66,6120044.0
2024-05-30,189.11,190.4,188.95,189.88,6829521.0
2024-05-31,189.85,193.85,188.9,193.18,14417805.0
2024-06-03,192.86,192.97,189.74,192.37,6444307.0
2024-06-04,190.71,192.53,188.83,189.71,6848072.0
2024-06-05,190.31,190.37,187.47,187.81,8351146.0
2024-06-06,187.81,188.57,185.88,187.46,7640148.0
2024-06-07,187.98,191.47,187.56,190.5,6964498.0
2024-06-10,189.79,191.39,188.99,190.16,6071139.0
2024-06-11,188.46,188.49,184.15,184.91,9235289.0
2024-06-12,186.55,187.27,181.86,182.08,12751253.0
2024-06-13,182.87,185.13,181.43,184.21,8587635.0
2024-06-14,182.0,185.41,181.97,184.33,6873716.0
2024-06-17,184.03,186.13,183.19,185.53,8725394.0
2024-06-18,185.15,188.51,184.68,187.55,9022661.0
2024-06-20,186.94,190.0,186.66,189.22,8730663.0
2024-06-21,187.26,187.72,184.77,186.85,20972495.0
2024-06-24,188.36,189.78,187.65,189.43,9785839.0
2024-06-25,188.64,190.62,188.29,188.62,6915894.0
2024-06-26,188.0,188.49,186.825,187.98,7758471.0
2024-06-27,187.99,190.41,187.45,189.72,7913453.0
2024-06-28,190.56,193.15,189.8518,192.81,15307458.0
2024-07-01,193.39,197.64,193.21,196.0,10205669.0
2024-07-02,195.84,199.41,195.32,199.38,7802914.0
2024-07-03,200.1,200.93,198.2,199.24,5516024.0
2024-07-05,198.69,199.07,196.22,196.49,8092994.0
2024-07-08,196.74,198.6,195.67,196.87,8706758.0
2024-07-09,197.33,201.46,197.15,199.33,9059904.0
2024-07-10,197.84,199.67,197.28,199.5,8328402.0
2024-07-11,197.91,199.8,197.08,199.15,10666937.0
2024-07-12,195.7,199.15,193.8,196.64,15443431.0
2024-07-15,198.89,203.31,198.42,201.75,10719299.0
2024-07-16,201.7,205.44,199.78,205.32,11556757.0
2024-07-17,205.5,209.26,204.97,208.57,11572283.0
2024-07-18,207.33,208.335,200.935,201.68,12414539.0
2024-07-19,202.9,204.05,200.62,201.48,8095675.0
2024-07-22,202.16,203.87,201.41,201.98,7663180.0
2024-07-23,202.72,203.175,201.0527,202.03,5556483.0
2024-07-24,201.25,203.73,199.77,200.29,7118078.0
2024-07-25,200.35,201.89,199.75,200.37,6403206.0
2024-07-26,200.94,204.86,200.32,203.94,8027155.0
2024-07-29,204.35,205.31,202.245,202.55,6533635.0
2024-07-30,204.93,207.49,204.66,206.89,8850583.0
2024-07-31,206.48,208.09,204.37,204.5,9071515.0
2024-08-01,204.9,205.53,198.08,199.66,10918644.0
2024-08-02,195.58,196.37,188.59,190.84,18041541.0
2024-08-05,185.75,187.8699,182.6,186.6,13926960.0
2024-08-06,187.1,194.3,185.7,192.04,10605416.0
2024-08-07,195.21,197.45,191.9,192.1,9204309.0
2024-08-08,194.17,196.61,193.49,195.76,7761191.0
2024-08-09,195.17,198.17,194.6,197.5,5539921.0
2024-08-12,198.11,198.84,195.36,197.89,6935898.0
2024-08-13,199.43,199.79,197.1,199.64,6387549.0
2024-08-14,199.44,202.455,198.82,201.94,6999772.0
2024-08-15,204.7,205.59,202.8,203.25,7000887.0
2024-08-16,203.39,205.79,203.285,205.67,7930948.0
2024-08-19,205.7,207.23,205.52,207.15,6090349.0
2024-08-20,206.7,207.7,205.38,206.22,5639892.0
2024-08-21,206.13,206.7,204.54,206.3,5202273.0
2024-08-22,206.28,208.5,206.035,208.33,5246804.0
2024-08-23,209.3,210.89,208.2,210.01,7213981.0
2024-08-26,210.71,211.38,209.75,210.87,5105221.0
2024-08-27,211.21,212.12,210.89,211.88,5184988.0
2024-08-28,210.95,213.91,210.89,212.99,6506374.0
2024-08-29,213.85,214.68,210.64,213.91,6416143.0
2024-08-30,214.2,217.18,213.63,216.5,8574046.0
2024-09-03,214.0,215.8,210.94,212.0,8955880.0
2024-09-04,212.74,213.77,208.91,211.03,7389014.0
2024-09-05,211.85,212.5,207.73,209.33,8067874.0
2024-09-06,209.3,210.44,202.79,204.16,7776291.0
2024-09-09,206.89,209.85,205.875,208.51,8935012.0
2024-09-10,210.3,210.34,192.31,197.26,28406878.0
2024-09-11,196.95,199.4,193.531,198.93,13658741.0
2024-09-12,199.35,200.48,196.59,198.3,9055368.0
2024-09-13,198.56,199.5482,194.72,196.02,10226641.0
2024-09-16,197.53,199.91,197.29,199.56,8634913.0
2024-09-17,199.43,201.63,199.36,200.95,7573010.0
2024-09-18,200.71,203.0361,198.4,199.23,8259824.0
2024-09-19,201.48,203.61,199.04,202.18,11635031.0
2024-09-20,201.63,203.115,201.2,202.79,20884803.0
2024-09-23,202.7,203.5,201.69,203.14,7223202.0
2024-09-24,202.85,204.65,202.07,203.29,7323185.0
2024-09-25,203.38,203.94,200.31,201.89,8976520.0
2024-09-26,202.83,203.4,200.71,201.48,7807215.0
2024-09-27,202.35,204.14,201.03,202.2,7032391.0
2024-09-30,198.01,202.66,196.96,202.56,8668310.0
2024-10-01,200.6,200.79,197.89,198.74,8540059.0
2024-10-02,198.78,200.65,197.39,198.99,5810908.0
2024-10-03,197.87,198.19,196.04,196.93,7251320.0
2024-10-04,202.25,204.62,199.86,204.17,10213093.0
2024-10-07,203.98,206.28,202.64,203.88,6718898.0
2024-10-08,203.53,204.28,201.33,203.7,6021670.0
2024-10-09,202.65,207.19,202.33,206.37,7023714.0
2024-10-10,207.76,207.76,204.42,205.79,7927049.0
2024-10-11,208.62,217.5799,208.11,215.24,18320606.0
2024-10-14,216.15,216.65,211.83,214.43,9048925.0
2024-10-15,216.61,218.4,214.77,215.34,9235452.0
2024-10-16,215.28,216.63,213.99,216.59,6382477.0
2024-10-17,217.22,218.8,216.26,217.37,6470184.0
2024-10-18,217.95,218.87,216.05,218.32,7000473.0
2024-10-21,218.17,218.65,215.85,215.95,5869959.0
2024-10-22,215.97,218.23,214.05,217.07,9586720.0
2024-10-23,216.61,217.7499,215.48,216.36,6180480.0
2024-10-24,214.78,218.01,214.61,217.93,6002201.0
2024-10-25,217.95,218.57,213.825,215.26,6369629.0
2024-10-28,216.3,218.59,215.9,218.45,6842898.0
2024-10-29,218.16,219.7,215.76,215.85,6579805.0
2024-10-30,215.49,219.26,214.53,217.36,7110869.0
2024-10-31,217.65,218.64,214.77,214.87,7829742.0
2024-11-01,216.51,219.1,215.65,215.89,6923452.0
2024-11-04,215.6,216.71,212.12,212.73,8229237.0
2024-11-05,212.98,214.91,212.95,214.44,5600661.0
2024-11-06,227.95,240.95,227.72,240.01,23987606.0
2024-11-07,237.45,237.52,228.17,229.33,16450766.0
2024-11-08,232.29,232.29,228.73,229.93,9502061.0
2024-11-11,232.95,235.05,231.95,232.24,9016896.0
2024-11-12,233.5,234.41,231.71,232.51,6860929.0
2024-11-13,233.53,237.04,233.26,234.11,11472038.0
2024-11-14,235.365,237.24,234.0,234.82,10172190.0
2024-11-15,234.41,239.37,234.41,238.26,11518833.0
2024-11-18,240.71,240.88,235.63,237.98,9052339.0
2024-11-19,235.2,238.1009,234.5,236.04,6792660.0
2024-11-20,237.35,237.56,231.59,233.73,9014946.0
2024-11-21,236.18,238.44,235.055,237.71,8783346.0
2024-11-22,236.56,242.1,235.9847,241.5,7996950.0
2024-11-25,242.54,247.26,242.01,243.24,10293900.0
2024-11-26,243.44,243.95,241.29,242.92,6211861.0
2024-11-27,242.3,244.14,241.721,242.74,5472225.0
2024-11-29,242.81,244.72,242.395,242.67,5307047.0
2024-12-02,242.5,243.2,237.98,239.2,8899741.0
2024-12-03,241.18,241.99,237.58,237.77,6657246.0
2024-12-04,237.65,238.295,235.18,236.35,7345916.0
2024-12-05,238.34,240.13,237.57,238.43,6572535.0
2024-12-06,238.65,240.69,237.79,240.31,5519348.0
2024-12-09,240.08,240.8199,236.71,236.76,7075881.0
2024-12-10,236.84,240.91,235.17,235.81,9108217.0
2024-12-11,236.95,237.22,235.13,236.48,7883847.0
2024-12-12,235.95,237.05,233.99,234.48,6113373.0
2024-12-13,235.02,235.665,232.0937,232.89,10392672.0
2024-12-16,233.56,233.62,230.47,232.53,9031210.0
2024-12-17,231.6,231.97,229.58,231.31,8083632.0
2024-12-18,231.95,232.02,222.48,223.32,11321990.0
2024-12-19,225.22,229.31,225.22,225.91,11790586.0
2024-12-20,224.87,232.16,224.5377,230.55,32348310.0
2024-12-23,229.02,231.57,227.83,231.34,8611358.0
2024-12-24,232.38,235.4422,232.02,235.26,3628082.0
2024-12-26,234.38,236.21,233.74,236.09,4452093.0
2024-12-27,235.67,236.34,232.99,234.12,5730216.0
2024-12-30,231.72,233.79,230.06,232.27,5723447.0
2024-12-31,233.0,234.3893,231.98,232.66,4870753.0
